SET session_replication_role = replica;

--
-- PostgreSQL database dump
--

-- \restrict BBy215TONHKtoPLLZY910csuxpNEmgjPdQxuLk87XAYg5ufdZGQcreBozjcE4oh

-- Dumped from database version 17.6
-- Dumped by pg_dump version 17.6

SET statement_timeout = 0;
SET lock_timeout = 0;
SET idle_in_transaction_session_timeout = 0;
SET transaction_timeout = 0;
SET client_encoding = 'UTF8';
SET standard_conforming_strings = on;
SELECT pg_catalog.set_config('search_path', '', false);
SET check_function_bodies = false;
SET xmloption = content;
SET client_min_messages = warning;
SET row_security = off;

--
-- Data for Name: audit_log_entries; Type: TABLE DATA; Schema: auth; Owner: supabase_auth_admin
--



--
-- Data for Name: flow_state; Type: TABLE DATA; Schema: auth; Owner: supabase_auth_admin
--



--
-- Data for Name: users; Type: TABLE DATA; Schema: auth; Owner: supabase_auth_admin
--

INSERT INTO "auth"."users" ("instance_id", "id", "aud", "role", "email", "encrypted_password", "email_confirmed_at", "invited_at", "confirmation_token", "confirmation_sent_at", "recovery_token", "recovery_sent_at", "email_change_token_new", "email_change", "email_change_sent_at", "last_sign_in_at", "raw_app_meta_data", "raw_user_meta_data", "is_super_admin", "created_at", "updated_at", "phone", "phone_confirmed_at", "phone_change", "phone_change_token", "phone_change_sent_at", "email_change_token_current", "email_change_confirm_status", "banned_until", "reauthentication_token", "reauthentication_sent_at", "is_sso_user", "deleted_at", "is_anonymous") VALUES
	('00000000-0000-0000-0000-000000000000', '135836cd-0e17-4dfe-bf38-cd06a5b9eddf', 'authenticated', 'authenticated', 'matt.lygo@neptunedigital.co.uk', '$2a$10$/Lz3iiHmqHtehO/TQY3yrecuNG48LgIgHltUP/Zef3JTvLNXZWUVO', '2025-12-05 16:47:55.793671+00', NULL, '', NULL, '', NULL, '', '', NULL, NULL, '{"provider": "email", "providers": ["email"]}', '{"email_verified": true}', NULL, '2025-12-05 16:47:55.787089+00', '2025-12-05 16:47:55.798112+00', NULL, NULL, '', '', NULL, '', 0, NULL, '', NULL, false, NULL, false);


--
-- Data for Name: identities; Type: TABLE DATA; Schema: auth; Owner: supabase_auth_admin
--

INSERT INTO "auth"."identities" ("provider_id", "user_id", "identity_data", "provider", "last_sign_in_at", "created_at", "updated_at", "id") VALUES
	('135836cd-0e17-4dfe-bf38-cd06a5b9eddf', '135836cd-0e17-4dfe-bf38-cd06a5b9eddf', '{"sub": "135836cd-0e17-4dfe-bf38-cd06a5b9eddf", "email": "matt.lygo@neptunedigital.co.uk", "email_verified": false, "phone_verified": false}', 'email', '2025-12-05 16:47:55.792058+00', '2025-12-05 16:47:55.792109+00', '2025-12-05 16:47:55.792109+00', 'cba08115-df78-4ea8-9cfc-238259933deb');


--
-- Data for Name: instances; Type: TABLE DATA; Schema: auth; Owner: supabase_auth_admin
--



--
-- Data for Name: oauth_clients; Type: TABLE DATA; Schema: auth; Owner: supabase_auth_admin
--



--
-- Data for Name: sessions; Type: TABLE DATA; Schema: auth; Owner: supabase_auth_admin
--



--
-- Data for Name: mfa_amr_claims; Type: TABLE DATA; Schema: auth; Owner: supabase_auth_admin
--



--
-- Data for Name: mfa_factors; Type: TABLE DATA; Schema: auth; Owner: supabase_auth_admin
--



--
-- Data for Name: mfa_challenges; Type: TABLE DATA; Schema: auth; Owner: supabase_auth_admin
--



--
-- Data for Name: oauth_authorizations; Type: TABLE DATA; Schema: auth; Owner: supabase_auth_admin
--



--
-- Data for Name: oauth_consents; Type: TABLE DATA; Schema: auth; Owner: supabase_auth_admin
--



--
-- Data for Name: one_time_tokens; Type: TABLE DATA; Schema: auth; Owner: supabase_auth_admin
--



--
-- Data for Name: refresh_tokens; Type: TABLE DATA; Schema: auth; Owner: supabase_auth_admin
--



--
-- Data for Name: sso_providers; Type: TABLE DATA; Schema: auth; Owner: supabase_auth_admin
--



--
-- Data for Name: saml_providers; Type: TABLE DATA; Schema: auth; Owner: supabase_auth_admin
--



--
-- Data for Name: saml_relay_states; Type: TABLE DATA; Schema: auth; Owner: supabase_auth_admin
--



--
-- Data for Name: sso_domains; Type: TABLE DATA; Schema: auth; Owner: supabase_auth_admin
--



--
-- Data for Name: profiles; Type: TABLE DATA; Schema: public; Owner: postgres
--

INSERT INTO "public"."profiles" ("id", "azure_id", "email", "first_name", "last_name", "display_name", "role", "auth_provider", "last_login", "created_at", "updated_at") VALUES
	('135836cd-0e17-4dfe-bf38-cd06a5b9eddf', 'c695dc26-a6fc-4196-a40d-f518ebe6a86f', 'matt.lygo@neptunedigital.co.uk', NULL, NULL, 'Matt Lygo', 'admin', 'azure', '2025-12-10 20:02:28.400433+00', '2025-12-05 16:47:56.353943+00', '2025-12-10 20:02:28.400433+00');


--
-- Data for Name: audit_logs; Type: TABLE DATA; Schema: public; Owner: postgres
--

INSERT INTO "public"."audit_logs" ("id", "user_id", "action", "resource_type", "resource_id", "details", "created_at") VALUES
	('b16bd28d-c242-4a36-b958-1f99672cc140', NULL, 'create', 'server', 'aaaaaaaa-aaaa-aaaa-aaaa-aaaaaaaaaaaa', '{"created_by": "system", "server_name": "FileMaker Server Primary"}', '2025-12-05 16:46:36.052823+00'),
	('6b8e6468-3b12-4754-9d5e-7ad79c51b03a', NULL, 'create', 'host', '11111111-1111-1111-1111-111111111111', '{"host_name": "AWS US-East", "created_by": "system"}', '2025-12-05 16:46:36.052823+00'),
	('bfb291d3-69de-4838-b668-5685a01164d8', '135836cd-0e17-4dfe-bf38-cd06a5b9eddf', 'update', 'server', '86db7a39-749a-401c-8ddc-30c94683122b', '{"field": "host_id", "new_value": "1a571901-246b-46e8-a0f1-d3d0ec7481e3"}', '2025-12-05 17:28:25.333738+00'),
	('34afadba-ed98-41b2-b210-e5eecea1a8d0', '135836cd-0e17-4dfe-bf38-cd06a5b9eddf', 'update', 'server', '86db7a39-749a-401c-8ddc-30c94683122b', '{"field": "host_id", "new_value": "028278f2-9591-45b3-8e9e-f19819e49e07"}', '2025-12-05 17:28:30.999315+00'),
	('f50996a0-424b-435e-93f7-d1d6b28ba0d2', '135836cd-0e17-4dfe-bf38-cd06a5b9eddf', 'update', 'server', '98859a0a-d4bf-492b-9704-dd9946cdacec', '{"field": "host_id", "new_value": "d4dd0ab5-fd67-4b9b-847c-bfbe6effb53b"}', '2025-12-05 17:28:58.778871+00'),
	('c3f74969-e000-4a46-9003-c7fb6eee37c3', '135836cd-0e17-4dfe-bf38-cd06a5b9eddf', 'update', 'server', 'c378806c-7c10-4e78-940d-c35e8f0da3be', '{"field": "host_id", "new_value": "1a571901-246b-46e8-a0f1-d3d0ec7481e3"}', '2025-12-05 17:29:02.116237+00'),
	('59dd1810-19e7-47e7-a7f6-f8e661633506', '135836cd-0e17-4dfe-bf38-cd06a5b9eddf', 'update', 'server', 'eaa55b43-d109-4ba7-a69f-4aa569e136d3', '{"field": "host_id", "new_value": "1a571901-246b-46e8-a0f1-d3d0ec7481e3"}', '2025-12-05 17:29:07.300444+00'),
	('ede7808a-e301-4162-acd3-42fdf9490ae4', '135836cd-0e17-4dfe-bf38-cd06a5b9eddf', 'update', 'server', 'd85c85f9-b5e0-4575-8400-ff319701ed55', '{"field": "host_id", "new_value": "58b46988-f670-46e1-9918-5e527de3f352"}', '2025-12-05 17:29:25.937844+00'),
	('dfb73007-351b-4f77-89fc-b0268c526185', '135836cd-0e17-4dfe-bf38-cd06a5b9eddf', 'update', 'server', '621b5ff1-d6de-4a1b-92e0-e3c3b7138b37', '{"field": "host_id", "new_value": "58b46988-f670-46e1-9918-5e527de3f352"}', '2025-12-05 17:29:28.368773+00'),
	('ccb94102-7746-4736-9c25-f50760015d7c', '135836cd-0e17-4dfe-bf38-cd06a5b9eddf', 'update', 'server', '64252a3d-318b-4612-938e-3e727ddb54ad', '{"field": "host_id", "new_value": "58b46988-f670-46e1-9918-5e527de3f352"}', '2025-12-05 17:29:30.461383+00'),
	('8a1abbd8-2b37-4fd7-a488-27a7e06d41ad', '135836cd-0e17-4dfe-bf38-cd06a5b9eddf', 'update', 'server', '701bab99-5788-4774-95e7-ee09db9cd3b7', '{"field": "host_id", "new_value": "9c3a09d1-5d2a-489e-bcfa-8654155c5b30"}', '2025-12-05 17:29:35.507087+00'),
	('3ad7b4d5-485c-4da7-a01d-3eb9fe195907', '135836cd-0e17-4dfe-bf38-cd06a5b9eddf', 'update', 'server', 'eaa55b43-d109-4ba7-a69f-4aa569e136d3', '{"field": "host_id", "new_value": "37bc649f-cbe3-4a2c-90c8-7c4b3051bdd1"}', '2025-12-05 17:29:55.696063+00'),
	('f718f36d-627d-441e-bea4-5c662e314a23', '135836cd-0e17-4dfe-bf38-cd06a5b9eddf', 'update', 'server', 'c378806c-7c10-4e78-940d-c35e8f0da3be', '{"field": "host_id", "new_value": "37bc649f-cbe3-4a2c-90c8-7c4b3051bdd1"}', '2025-12-05 17:30:00.81414+00'),
	('0f702c96-7573-4a3d-895b-d02067d833cb', '135836cd-0e17-4dfe-bf38-cd06a5b9eddf', 'update', 'server', 'c378806c-7c10-4e78-940d-c35e8f0da3be', '{"field": "host_id", "new_value": "d4dd0ab5-fd67-4b9b-847c-bfbe6effb53b"}', '2025-12-05 17:30:20.376576+00'),
	('a3b5ef75-96ba-441e-8cd0-c547ce25283e', '135836cd-0e17-4dfe-bf38-cd06a5b9eddf', 'update', 'server', 'e80b04c8-5566-41f7-ba46-79722e4bb0c1', '{"field": "host_id", "new_value": "1a571901-246b-46e8-a0f1-d3d0ec7481e3"}', '2025-12-05 17:31:31.985105+00'),
	('0c854ec5-58c2-4a8e-8d36-8af37b4d0e44', '135836cd-0e17-4dfe-bf38-cd06a5b9eddf', 'update', 'server', 'e80b04c8-5566-41f7-ba46-79722e4bb0c1', '{"field": "host_id", "new_value": "028278f2-9591-45b3-8e9e-f19819e49e07"}', '2025-12-05 17:31:37.406725+00'),
	('e258deef-833a-4604-bfd6-786672b726bf', '135836cd-0e17-4dfe-bf38-cd06a5b9eddf', 'update', 'server', '65f8d7d8-de17-46dc-a7c0-87a7667e984f', '{"field": "host_id", "new_value": "37bc649f-cbe3-4a2c-90c8-7c4b3051bdd1"}', '2025-12-05 17:31:48.634846+00'),
	('b234b160-d2c4-4600-8695-19deac3e97e1', '135836cd-0e17-4dfe-bf38-cd06a5b9eddf', 'update', 'server', '65f8d7d8-de17-46dc-a7c0-87a7667e984f', '{"field": "host_id", "new_value": "d4dd0ab5-fd67-4b9b-847c-bfbe6effb53b"}', '2025-12-05 17:31:53.48832+00'),
	('19c36658-d541-4fba-adbf-e2667ffc603c', '135836cd-0e17-4dfe-bf38-cd06a5b9eddf', 'update', 'server', 'fc11bbb5-e843-4a83-bfc5-81756b24faec', '{"field": "host_id", "new_value": "1a571901-246b-46e8-a0f1-d3d0ec7481e3"}', '2025-12-05 17:32:03.638106+00'),
	('af30f34c-b428-495d-bf36-146d4e0f79b0', '135836cd-0e17-4dfe-bf38-cd06a5b9eddf', 'update', 'server', '539057a0-3654-406b-9799-f048940937b6', '{"field": "host_id", "new_value": "1a571901-246b-46e8-a0f1-d3d0ec7481e3"}', '2025-12-05 17:32:09.280193+00'),
	('087db333-9567-4570-8cd2-1a7ec84fbb60', '135836cd-0e17-4dfe-bf38-cd06a5b9eddf', 'update', 'server', 'fc11bbb5-e843-4a83-bfc5-81756b24faec', '{"field": "host_id", "new_value": "028278f2-9591-45b3-8e9e-f19819e49e07"}', '2025-12-05 17:32:13.617514+00'),
	('ecd3883c-c67a-4c0a-a4c0-23a1355dd117', '135836cd-0e17-4dfe-bf38-cd06a5b9eddf', 'update', 'server', '539057a0-3654-406b-9799-f048940937b6', '{"field": "host_id", "new_value": "028278f2-9591-45b3-8e9e-f19819e49e07"}', '2025-12-05 17:32:16.198539+00'),
	('64ea7ac1-c6ac-47ad-b4f3-3e5c31b1fbe1', '135836cd-0e17-4dfe-bf38-cd06a5b9eddf', 'update', 'server', '73affb3a-64e5-4aa2-9f43-0cdaad371b7c', '{"field": "host_id", "new_value": "1a571901-246b-46e8-a0f1-d3d0ec7481e3"}', '2025-12-05 17:32:33.795798+00'),
	('b9383e02-7f3e-43ff-8879-eadebe7973a1', '135836cd-0e17-4dfe-bf38-cd06a5b9eddf', 'update', 'server', '73affb3a-64e5-4aa2-9f43-0cdaad371b7c', '{"field": "host_id", "new_value": "37bc649f-cbe3-4a2c-90c8-7c4b3051bdd1"}', '2025-12-05 17:32:40.969033+00'),
	('a42bf8ef-1d78-47ac-ad6e-a4ac3d46a11c', '135836cd-0e17-4dfe-bf38-cd06a5b9eddf', 'update', 'server', '701bab99-5788-4774-95e7-ee09db9cd3b7', '{"field": "host_id", "new_value": "1d0d77f1-e444-4160-9a0e-888c313c773e"}', '2025-12-08 13:33:45.019055+00'),
	('fd67a0dd-7a3d-4e0a-b7b5-3787d3254d62', '135836cd-0e17-4dfe-bf38-cd06a5b9eddf', 'update', 'server', 'f91e1cbf-6a38-4928-9d47-007545ef2ac7', '{"field": "host_id", "new_value": "1d0d77f1-e444-4160-9a0e-888c313c773e"}', '2025-12-08 13:33:45.492638+00'),
	('25e54b42-f833-4285-9f01-3a62d6d505b3', '135836cd-0e17-4dfe-bf38-cd06a5b9eddf', 'update', 'server', 'ea608287-adb6-4129-be39-a407d980ae9a', '{"field": "host_id", "new_value": "1d0d77f1-e444-4160-9a0e-888c313c773e"}', '2025-12-08 13:33:45.604845+00'),
	('39bc6f5a-42d5-47fd-b697-dfaffb10d620', '135836cd-0e17-4dfe-bf38-cd06a5b9eddf', 'update', 'server', 'f45b3d00-d4ed-434d-8194-8a6fb6c677bc', '{"field": "host_id", "new_value": "1d0d77f1-e444-4160-9a0e-888c313c773e"}', '2025-12-08 13:33:45.939669+00'),
	('d39e9cda-dd9f-453d-ac3d-c7059067fcc8', '135836cd-0e17-4dfe-bf38-cd06a5b9eddf', 'update', 'server', '171eaee0-8cf4-448d-a47b-8563a6da334f', '{"field": "host_id", "new_value": "6a5af305-6482-49b8-b83f-8489c79d5fad"}', '2025-12-08 13:34:15.852041+00'),
	('afd65db9-6712-4609-b43f-51e5488f67f9', '135836cd-0e17-4dfe-bf38-cd06a5b9eddf', 'update', 'server', 'e5c4ba01-2846-48a6-b778-23e322c23d6b', '{"field": "host_id", "new_value": "6a5af305-6482-49b8-b83f-8489c79d5fad"}', '2025-12-08 13:34:16.313962+00'),
	('405bd513-12c3-44a4-96f7-9a790cc24871', '135836cd-0e17-4dfe-bf38-cd06a5b9eddf', 'update', 'server', '6417c24f-1bd0-4d60-8c58-3c2fe9b519ba', '{"field": "host_id", "new_value": "6a5af305-6482-49b8-b83f-8489c79d5fad"}', '2025-12-08 13:34:16.392847+00'),
	('4908aa03-7ee9-4f6e-a393-ce706dc807b9', '135836cd-0e17-4dfe-bf38-cd06a5b9eddf', 'update', 'server', '70021ee2-3c5a-49ad-b1fc-3022ceb33a36', '{"field": "host_id", "new_value": "6a5af305-6482-49b8-b83f-8489c79d5fad"}', '2025-12-08 13:34:16.399887+00'),
	('07309c00-4f04-4b8e-8824-fd13c413bb62', '135836cd-0e17-4dfe-bf38-cd06a5b9eddf', 'update', 'server', 'b16a0035-29bf-45b0-870f-8afcdd7c887f', '{"field": "host_id", "new_value": "6a5af305-6482-49b8-b83f-8489c79d5fad"}', '2025-12-08 13:34:16.426792+00'),
	('9db7c8d0-a8a6-43e9-ac61-6fcf4e5c3c00', '135836cd-0e17-4dfe-bf38-cd06a5b9eddf', 'update', 'server', 'e3fb04b6-fbb3-4c30-b118-dafc6b246300', '{"field": "host_id", "new_value": "6a5af305-6482-49b8-b83f-8489c79d5fad"}', '2025-12-08 13:34:16.469676+00'),
	('67a52e4e-a3ef-403d-9fa1-2d22688acaa8', '135836cd-0e17-4dfe-bf38-cd06a5b9eddf', 'update', 'server', '30980521-9464-44b4-8092-5ff8c2cbb6ae', '{"field": "host_id", "new_value": "6a5af305-6482-49b8-b83f-8489c79d5fad"}', '2025-12-08 13:34:16.628719+00'),
	('1a4c6f22-0562-493e-8eb2-be6c8e11de65', '135836cd-0e17-4dfe-bf38-cd06a5b9eddf', 'update', 'server', 'd8433eee-65fe-4978-8ecb-1c0a216fd836', '{"field": "host_id", "new_value": "6a5af305-6482-49b8-b83f-8489c79d5fad"}', '2025-12-08 13:34:17.081339+00'),
	('1cd829c8-6e5c-4ed5-a95e-3ca5651b8af3', '135836cd-0e17-4dfe-bf38-cd06a5b9eddf', 'update', 'server', '9a6784dc-1384-401f-bf16-e4b4a16e3814', '{"field": "host_id", "new_value": "028278f2-9591-45b3-8e9e-f19819e49e07"}', '2025-12-08 13:35:12.356329+00'),
	('34ecb150-415c-43d9-a6cd-c9511c677709', '135836cd-0e17-4dfe-bf38-cd06a5b9eddf', 'update', 'server', '4b276df6-6e2c-4168-a37a-53a43efa4229', '{"field": "host_id", "new_value": "028278f2-9591-45b3-8e9e-f19819e49e07"}', '2025-12-08 13:35:12.358972+00'),
	('0daf9e2c-2121-4e1a-8a70-9e2cf8d7b344', '135836cd-0e17-4dfe-bf38-cd06a5b9eddf', 'update', 'server', '6e4a67d6-f25e-48f0-a3fc-04f9a72e079c', '{"field": "host_id", "new_value": "028278f2-9591-45b3-8e9e-f19819e49e07"}', '2025-12-08 13:35:12.509759+00'),
	('5db647c2-3a23-4860-882a-54e792ececf5', '135836cd-0e17-4dfe-bf38-cd06a5b9eddf', 'update', 'server', 'e35ac63f-4aa6-402e-b713-dc7f02edb11d', '{"field": "host_id", "new_value": "028278f2-9591-45b3-8e9e-f19819e49e07"}', '2025-12-08 13:35:12.732708+00'),
	('1c99c750-a489-4693-9c09-80db50ad2420', '135836cd-0e17-4dfe-bf38-cd06a5b9eddf', 'update', 'server', 'a2839d54-b1c9-4dac-a93d-f8f56c3e92cc', '{"field": "host_id", "new_value": "028278f2-9591-45b3-8e9e-f19819e49e07"}', '2025-12-08 13:35:13.417731+00'),
	('d7c81d26-9683-4c41-a4bb-993eb387e46b', '135836cd-0e17-4dfe-bf38-cd06a5b9eddf', 'update', 'server', '3240982c-a486-44e0-87c4-1e8dba8b1ce0', '{"field": "host_id", "new_value": "d4dd0ab5-fd67-4b9b-847c-bfbe6effb53b"}', '2025-12-08 13:36:00.440327+00'),
	('8b8636d4-19be-4c48-bc35-ec20fef0cb44', '135836cd-0e17-4dfe-bf38-cd06a5b9eddf', 'update', 'server', '9ff6eb55-8ee1-41a3-8346-3e383e7db6d8', '{"field": "host_id", "new_value": "d4dd0ab5-fd67-4b9b-847c-bfbe6effb53b"}', '2025-12-08 13:36:00.507843+00'),
	('4b7ba5b6-f464-4701-a4ce-f5d7dadeae87', '135836cd-0e17-4dfe-bf38-cd06a5b9eddf', 'update', 'server', 'ec69970c-8ec6-4af3-b8f6-2c658035623f', '{"field": "host_id", "new_value": "d4dd0ab5-fd67-4b9b-847c-bfbe6effb53b"}', '2025-12-08 13:36:00.70597+00'),
	('58a8cde3-fa45-40c3-921c-6905a66cb226', '135836cd-0e17-4dfe-bf38-cd06a5b9eddf', 'update', 'server', 'ffa16a52-961d-4e7d-b3ac-49618d29bbc4', '{"field": "host_id", "new_value": "d4dd0ab5-fd67-4b9b-847c-bfbe6effb53b"}', '2025-12-08 13:36:00.769962+00'),
	('b73625d8-5ec4-4523-a85e-282dc679f0cc', '135836cd-0e17-4dfe-bf38-cd06a5b9eddf', 'update', 'server', '4be76224-60d0-4777-89e5-cc145d11d29d', '{"field": "host_id", "new_value": "1a571901-246b-46e8-a0f1-d3d0ec7481e3"}', '2025-12-08 13:36:31.244848+00'),
	('143f66f7-e3ea-441c-9725-8f98214499f7', '135836cd-0e17-4dfe-bf38-cd06a5b9eddf', 'update', 'server', '8984c000-e830-447a-99d1-c6d802039a81', '{"field": "host_id", "new_value": "1a571901-246b-46e8-a0f1-d3d0ec7481e3"}', '2025-12-08 13:36:31.307831+00'),
	('bd855726-ab63-44e2-a9eb-06e09b031988', '135836cd-0e17-4dfe-bf38-cd06a5b9eddf', 'update', 'server', '289d7ed9-09a7-4fc5-8f98-325ddd1ee832', '{"field": "host_id", "new_value": "9c3a09d1-5d2a-489e-bcfa-8654155c5b30"}', '2025-12-08 13:37:08.525977+00'),
	('392880f7-a8bc-4438-8a74-f95ad85a7dde', '135836cd-0e17-4dfe-bf38-cd06a5b9eddf', 'update', 'server', '29d06524-a42d-45b4-b22b-1fb9a25a32f8', '{"field": "host_id", "new_value": "1a571901-246b-46e8-a0f1-d3d0ec7481e3"}', '2025-12-08 13:36:31.280379+00'),
	('6c1c3749-ee47-4bed-8003-46b87f59f55d', '135836cd-0e17-4dfe-bf38-cd06a5b9eddf', 'update', 'server', 'e5ee80e9-3fa6-4362-8290-2f158ad66eaa', '{"field": "host_id", "new_value": "58b46988-f670-46e1-9918-5e527de3f352"}', '2025-12-08 13:36:52.713783+00'),
	('c92b1b72-9979-4321-a672-180f491e268b', '135836cd-0e17-4dfe-bf38-cd06a5b9eddf', 'update', 'server', '289d7ed9-09a7-4fc5-8f98-325ddd1ee832', '{"field": "host_id", "new_value": "d4dd0ab5-fd67-4b9b-847c-bfbe6effb53b"}', '2025-12-08 13:37:59.784144+00'),
	('727dd27a-3294-4cad-b87c-554e6112f7cd', '135836cd-0e17-4dfe-bf38-cd06a5b9eddf', 'update', 'server', '06bfd4ce-b97c-413e-b69e-96e1336080c5', '{"field": "host_id", "new_value": "80ce2ee2-fc38-4974-9728-e46c4de606e5"}', '2025-12-08 13:38:43.725986+00'),
	('b2829ffa-2fa7-4591-aa8b-75cd5ea5041e', '135836cd-0e17-4dfe-bf38-cd06a5b9eddf', 'update', 'server', '3a8c4f5e-89a8-43ac-9ab5-6f6bf3aecf8f', '{"field": "host_id", "new_value": "80ce2ee2-fc38-4974-9728-e46c4de606e5"}', '2025-12-08 13:38:43.766139+00'),
	('320f395c-ac93-43b1-87fc-2c015ecbaa66', NULL, 'logout', 'session', '0622674c-d7ac-4b37-bfe6-227e77eb54fb', '{}', '2025-12-08 14:44:44.908358+00'),
	('ebf87e92-846b-4bc1-95f4-7a64925dc888', '135836cd-0e17-4dfe-bf38-cd06a5b9eddf', 'login', 'session', 'e8cacdb1-6a1e-411d-91d6-af2d2925ba55', '{"email": "matt.lygo@neptunedigital.co.uk", "azure_id": "c695dc26-a6fc-4196-a40d-f518ebe6a86f"}', '2025-12-08 15:00:34.282303+00'),
	('9ded7b68-05ac-4a20-afdf-c6bfee2a510c', '135836cd-0e17-4dfe-bf38-cd06a5b9eddf', 'login', 'session', '79ce9b78-1f50-49e8-9c78-ef6fdfb7b160', '{"email": "matt.lygo@neptunedigital.co.uk", "azure_id": "c695dc26-a6fc-4196-a40d-f518ebe6a86f"}', '2025-12-08 15:01:54.188091+00'),
	('d06e35a2-a42a-4d62-99b6-e745dbcdb0e8', '135836cd-0e17-4dfe-bf38-cd06a5b9eddf', 'login', 'session', '434d4bad-d93d-44c7-9932-2a71406fa427', '{"email": "matt.lygo@neptunedigital.co.uk", "azure_id": "c695dc26-a6fc-4196-a40d-f518ebe6a86f"}', '2025-12-08 18:04:56.548405+00'),
	('e3bb97c2-d75e-4f37-9ae8-702f7b39d31a', NULL, 'logout', 'session', '434d4bad-d93d-44c7-9932-2a71406fa427', '{}', '2025-12-08 18:06:23.052079+00'),
	('072dab68-5f9e-4c02-9bea-e7b77cdb69e0', '135836cd-0e17-4dfe-bf38-cd06a5b9eddf', 'login', 'session', '234f51ab-0516-4d99-8ca9-e3024ae83710', '{"email": "matt.lygo@neptunedigital.co.uk", "azure_id": "c695dc26-a6fc-4196-a40d-f518ebe6a86f"}', '2025-12-09 09:20:38.020206+00'),
	('a8d1967e-16cd-4759-985d-27b6a81834e8', '135836cd-0e17-4dfe-bf38-cd06a5b9eddf', 'login', 'session', '9c81c94a-1278-4865-8c71-92b8e7e5c2e4', '{"email": "matt.lygo@neptunedigital.co.uk", "azure_id": "c695dc26-a6fc-4196-a40d-f518ebe6a86f"}', '2025-12-09 17:56:17.853641+00'),
	('fd687343-e9f5-4f04-b5c3-b82dd8d57732', '135836cd-0e17-4dfe-bf38-cd06a5b9eddf', 'login', 'session', 'be8b16d8-e29d-4f48-88d4-6ad25c939ae5', '{"email": "matt.lygo@neptunedigital.co.uk", "azure_id": "c695dc26-a6fc-4196-a40d-f518ebe6a86f"}', '2025-12-09 20:37:54.953014+00'),
	('0055b02f-4d26-490e-a633-f15d2f02df87', '135836cd-0e17-4dfe-bf38-cd06a5b9eddf', 'login', 'session', 'aa075d70-9cd5-465a-a690-849c98ee18e8', '{"email": "matt.lygo@neptunedigital.co.uk", "azure_id": "c695dc26-a6fc-4196-a40d-f518ebe6a86f"}', '2025-12-10 08:48:27.948823+00'),
	('4f6976a6-61a2-4ef6-af98-57d2841020ea', '135836cd-0e17-4dfe-bf38-cd06a5b9eddf', 'login', 'session', '767a61ee-e859-462d-ac47-7a02f172e21d', '{"email": "matt.lygo@neptunedigital.co.uk", "azure_id": "c695dc26-a6fc-4196-a40d-f518ebe6a86f"}', '2025-12-10 17:33:57.276704+00'),
	('e01e879f-53fb-4e44-9ff3-b0a930d2023e', '135836cd-0e17-4dfe-bf38-cd06a5b9eddf', 'login', 'session', '3343a093-f519-4a5c-bf3b-735f062daaa5', '{"email": "matt.lygo@neptunedigital.co.uk", "azure_id": "c695dc26-a6fc-4196-a40d-f518ebe6a86f"}', '2025-12-10 19:08:41.221871+00'),
	('e2078731-ff2d-489f-9e9d-c170f91f4cd1', NULL, 'logout', 'session', '3343a093-f519-4a5c-bf3b-735f062daaa5', '{}', '2025-12-10 20:02:17.535914+00'),
	('347fd491-ad1e-4d34-bc41-6011694d284b', '135836cd-0e17-4dfe-bf38-cd06a5b9eddf', 'login', 'session', '0dbea5a0-f7a7-45dc-ada7-250072d2b846', '{"email": "matt.lygo@neptunedigital.co.uk", "azure_id": "c695dc26-a6fc-4196-a40d-f518ebe6a86f"}', '2025-12-10 20:02:28.551162+00');


--
-- Data for Name: azure_sessions; Type: TABLE DATA; Schema: public; Owner: postgres
--

INSERT INTO "public"."azure_sessions" ("id", "user_id", "access_token_hash", "refresh_token_hash", "expires_at", "created_at") VALUES
	('e8cacdb1-6a1e-411d-91d6-af2d2925ba55', '135836cd-0e17-4dfe-bf38-cd06a5b9eddf', '956bd237d9dc0e1673ca24ba4848662b90de84ff8a8ee2777b9fb472f1f3fb16', NULL, '2025-12-08 16:16:34+00', '2025-12-08 15:00:34.126025+00'),
	('0dbea5a0-f7a7-45dc-ada7-250072d2b846', '135836cd-0e17-4dfe-bf38-cd06a5b9eddf', '7fa9ca1388afa7090fbc010f024c15c391b189d4e7e94680f5d5dec2de709d6b', NULL, '2025-12-10 21:14:26+00', '2025-12-10 20:02:28.400433+00');


--
-- Data for Name: backup_monitoring_config; Type: TABLE DATA; Schema: public; Owner: postgres
--

INSERT INTO "public"."backup_monitoring_config" ("id", "is_enabled", "threshold_hours", "email_recipients", "check_schedule", "last_check_at", "created_at", "updated_at") VALUES
	('62e8b237-8870-46f1-9b4b-744bcab89a99', true, 8, '{matt.lygo@neptunedigital.co.uk}', '0 9 * * *', '2025-12-10 20:34:46.717+00', '2025-12-10 19:06:37.289256+00', '2025-12-10 19:21:15.816+00');


--
-- Data for Name: backup_monitoring_results; Type: TABLE DATA; Schema: public; Owner: postgres
--

INSERT INTO "public"."backup_monitoring_results" ("id", "check_run_at", "servers_checked", "servers_overdue", "overdue_server_ids", "threshold_hours", "notification_sent", "notification_recipients", "notification_error", "created_at") VALUES
	('1d0cc80c-65bb-49cd-8588-ee528eeaf228', '2025-12-10 20:34:46.361+00', 41, 41, '{86db7a39-749a-401c-8ddc-30c94683122b,98859a0a-d4bf-492b-9704-dd9946cdacec,c378806c-7c10-4e78-940d-c35e8f0da3be,eaa55b43-d109-4ba7-a69f-4aa569e136d3,701bab99-5788-4774-95e7-ee09db9cd3b7,d85c85f9-b5e0-4575-8400-ff319701ed55,621b5ff1-d6de-4a1b-92e0-e3c3b7138b37,64252a3d-318b-4612-938e-3e727ddb54ad,e80b04c8-5566-41f7-ba46-79722e4bb0c1,65f8d7d8-de17-46dc-a7c0-87a7667e984f,f45b3d00-d4ed-434d-8194-8a6fb6c677bc,fc11bbb5-e843-4a83-bfc5-81756b24faec,f91e1cbf-6a38-4928-9d47-007545ef2ac7,73affb3a-64e5-4aa2-9f43-0cdaad371b7c,70021ee2-3c5a-49ad-b1fc-3022ceb33a36,06bfd4ce-b97c-413e-b69e-96e1336080c5,ffa16a52-961d-4e7d-b3ac-49618d29bbc4,539057a0-3654-406b-9799-f048940937b6,d8433eee-65fe-4978-8ecb-1c0a216fd836,6e4a67d6-f25e-48f0-a3fc-04f9a72e079c,29d06524-a42d-45b4-b22b-1fb9a25a32f8,b16a0035-29bf-45b0-870f-8afcdd7c887f,e5ee80e9-3fa6-4362-8290-2f158ad66eaa,3240982c-a486-44e0-87c4-1e8dba8b1ce0,e5c4ba01-2846-48a6-b778-23e322c23d6b,a2839d54-b1c9-4dac-a93d-f8f56c3e92cc,ec69970c-8ec6-4af3-b8f6-2c658035623f,9ff6eb55-8ee1-41a3-8346-3e383e7db6d8,289d7ed9-09a7-4fc5-8f98-325ddd1ee832,3a8c4f5e-89a8-43ac-9ab5-6f6bf3aecf8f,e35ac63f-4aa6-402e-b713-dc7f02edb11d,4b276df6-6e2c-4168-a37a-53a43efa4229,4be76224-60d0-4777-89e5-cc145d11d29d,8984c000-e830-447a-99d1-c6d802039a81,9a6784dc-1384-401f-bf16-e4b4a16e3814,d0c4a153-18c5-4705-8996-1dfa37413183,6417c24f-1bd0-4d60-8c58-3c2fe9b519ba,ea608287-adb6-4129-be39-a407d980ae9a,30980521-9464-44b4-8092-5ff8c2cbb6ae,e3fb04b6-fbb3-4c30-b118-dafc6b246300,171eaee0-8cf4-448d-a47b-8563a6da334f}', 8, true, '{matt.lygo@neptunedigital.co.uk}', NULL, '2025-12-10 20:34:46.637803+00');


--
-- Data for Name: clients; Type: TABLE DATA; Schema: public; Owner: postgres
--



--
-- Data for Name: regions; Type: TABLE DATA; Schema: public; Owner: postgres
--

INSERT INTO "public"."regions" ("id", "name", "slug", "description", "display_order", "is_active", "created_at", "updated_at") VALUES
	('78bec00d-c8d3-4745-a481-a9679032e26d', 'Europe', 'europe', '', 0, true, '2025-12-08 13:30:48.856197+00', '2025-12-08 13:30:48.856197+00'),
	('9a3c2c6e-0907-45fc-8e36-01a645625388', 'US East', 'us-east', '', 0, true, '2025-12-08 13:30:58.872759+00', '2025-12-08 13:30:58.872759+00'),
	('17e425b1-8844-4251-8056-c28ef8198b12', 'London', 'london', '', 0, true, '2025-12-08 13:31:04.462545+00', '2025-12-08 13:31:04.462545+00'),
	('58298005-6db6-4176-b186-46bc68981d97', 'Manchester', 'manchester', '', 0, true, '2025-12-08 13:31:10.738703+00', '2025-12-08 13:31:10.738703+00');


--
-- Data for Name: hosts; Type: TABLE DATA; Schema: public; Owner: postgres
--

INSERT INTO "public"."hosts" ("id", "name", "location", "description", "created_at", "updated_at", "region_id") VALUES
	('9c3a09d1-5d2a-489e-bcfa-8654155c5b30', 'UptimeRobot (Ungrouped)', 'Cloud Monitoring', 'Monitors not assigned to any group', '2025-12-05 17:01:09.3745+00', '2025-12-05 17:01:09.3745+00', NULL),
	('028278f2-9591-45b3-8e9e-f19819e49e07', 'neptune-1', '', NULL, '2025-12-05 17:26:32.95189+00', '2025-12-08 13:31:38.038046+00', '78bec00d-c8d3-4745-a481-a9679032e26d'),
	('d4dd0ab5-fd67-4b9b-847c-bfbe6effb53b', 'neptune-2', '', NULL, '2025-12-05 17:27:09.746722+00', '2025-12-08 13:31:43.966773+00', '78bec00d-c8d3-4745-a481-a9679032e26d'),
	('1a571901-246b-46e8-a0f1-d3d0ec7481e3', 'neptune-3', '', 'Travel Places', '2025-12-05 17:27:16.364658+00', '2025-12-08 13:31:55.350664+00', '78bec00d-c8d3-4745-a481-a9679032e26d'),
	('37bc649f-cbe3-4a2c-90c8-7c4b3051bdd1', 'neptune-4', '', 'Time Harvest', '2025-12-05 17:27:22.716136+00', '2025-12-08 13:32:10.510309+00', '78bec00d-c8d3-4745-a481-a9679032e26d'),
	('58b46988-f670-46e1-9918-5e527de3f352', 'neptune-5', '', 'Bascule', '2025-12-05 17:27:28.336198+00', '2025-12-08 13:32:18.526783+00', '9a3c2c6e-0907-45fc-8e36-01a645625388'),
	('6a5af305-6482-49b8-b83f-8489c79d5fad', 'ottomatic London', NULL, '', '2025-12-08 13:33:13.660503+00', '2025-12-08 13:33:13.660503+00', '17e425b1-8844-4251-8056-c28ef8198b12'),
	('1d0d77f1-e444-4160-9a0e-888c313c773e', 'ottomatic Manchester', NULL, '', '2025-12-08 13:33:25.693459+00', '2025-12-08 13:33:25.693459+00', '58298005-6db6-4176-b186-46bc68981d97'),
	('80ce2ee2-fc38-4974-9728-e46c4de606e5', 'Other', NULL, NULL, '2025-12-08 13:38:12.781568+00', '2025-12-08 13:38:27.343113+00', '17e425b1-8844-4251-8056-c28ef8198b12');


--
-- Data for Name: servers; Type: TABLE DATA; Schema: public; Owner: postgres
--

INSERT INTO "public"."servers" ("id", "name", "host_id", "server_type", "ip_address", "current_status", "last_status_change", "metadata", "created_at", "updated_at", "external_id", "url", "last_check_at", "response_time_ms", "region_id", "bucket") VALUES
	('06bfd4ce-b97c-413e-b69e-96e1336080c5', 'ghf.kantala.com', '80ce2ee2-fc38-4974-9728-e46c4de606e5', 'Unknown', NULL, 'up', '2025-12-05 17:01:16.521159+00', '{"interval": 60, "monitor_id": 801840850, "uptimerobot_url": "https://uptimerobot.com/dashboard#801840850"}', '2025-12-05 17:01:16.521159+00', '2025-12-08 13:38:43.597935+00', 'uptimerobot_801840850', 'https://ghf.kantala.com', NULL, 63, NULL, NULL),
	('e80b04c8-5566-41f7-ba46-79722e4bb0c1', 'base.paralympics.org.uk', '028278f2-9591-45b3-8e9e-f19819e49e07', 'Unknown', NULL, 'up', '2025-12-08 18:06:15.84+00', '{"interval": 60, "monitor_id": 801460437, "uptimerobot_url": "https://uptimerobot.com/dashboard#801460437"}', '2025-12-05 17:01:13.437156+00', '2025-12-08 18:06:16.117989+00', 'uptimerobot_801460437', 'base.paralympics.org.uk', NULL, 99, NULL, NULL),
	('d0c4a153-18c5-4705-8996-1dfa37413183', 'Unknown', NULL, 'storage', NULL, 'up', '2025-12-10 17:23:20.748011+00', '{"source": "aws_s3"}', '2025-12-10 17:23:20.748011+00', '2025-12-10 17:23:20.748011+00', NULL, NULL, NULL, NULL, NULL, 'Unknown'),
	('f45b3d00-d4ed-434d-8194-8a6fb6c677bc', 'esprinting.neptunecloud.co.uk', '1d0d77f1-e444-4160-9a0e-888c313c773e', 'Unknown', NULL, 'up', '2025-12-05 17:01:14.273908+00', '{"interval": 60, "monitor_id": 801450816, "uptimerobot_url": "https://uptimerobot.com/dashboard#801450816", "last_down_reason": "OK"}', '2025-12-05 17:01:14.273908+00', '2025-12-10 17:31:14.652344+00', 'uptimerobot_801450816', 'https://esprinting.neptunecloud.co.uk', '2025-09-30 02:36:48+00', 98, NULL, 'backup-esprinting'),
	('98859a0a-d4bf-492b-9704-dd9946cdacec', 'app.redrosedrylining.co.uk', 'd4dd0ab5-fd67-4b9b-847c-bfbe6effb53b', 'Unknown', NULL, 'up', '2025-12-05 17:01:10.093354+00', '{"interval": 60, "monitor_id": 801460527, "uptimerobot_url": "https://uptimerobot.com/dashboard#801460527"}', '2025-12-05 17:01:10.093354+00', '2025-12-05 17:28:58.640096+00', 'uptimerobot_801460527', 'app.redrosedrylining.co.uk', NULL, 92, NULL, NULL),
	('d85c85f9-b5e0-4575-8400-ff319701ed55', 'basc-dev.fmcloud.fm', '58b46988-f670-46e1-9918-5e527de3f352', 'Unknown', NULL, 'up', '2025-12-05 17:01:12.005918+00', '{"interval": 60, "monitor_id": 801908499, "uptimerobot_url": "https://uptimerobot.com/dashboard#801908499"}', '2025-12-05 17:01:12.005918+00', '2025-12-05 17:29:25.775903+00', 'uptimerobot_801908499', 'https://basc-dev.fmcloud.fm', NULL, 52, NULL, NULL),
	('621b5ff1-d6de-4a1b-92e0-e3c3b7138b37', 'basc-prod.fmcloud.fm', '58b46988-f670-46e1-9918-5e527de3f352', 'Unknown', NULL, 'up', '2025-12-05 17:01:12.426428+00', '{"interval": 60, "monitor_id": 801908506, "uptimerobot_url": "https://uptimerobot.com/dashboard#801908506"}', '2025-12-05 17:01:12.426428+00', '2025-12-05 17:29:28.230066+00', 'uptimerobot_801908506', 'https://basc-prod.fmcloud.fm', NULL, 40, NULL, NULL),
	('64252a3d-318b-4612-938e-3e727ddb54ad', 'basc-staging.fmcloud.fm', '58b46988-f670-46e1-9918-5e527de3f352', 'Unknown', NULL, 'up', '2025-12-05 17:01:12.887147+00', '{"interval": 60, "monitor_id": 801908526, "uptimerobot_url": "https://uptimerobot.com/dashboard#801908526"}', '2025-12-05 17:01:12.887147+00', '2025-12-05 17:29:30.29647+00', 'uptimerobot_801908526', 'https://basc-staging.fmcloud.fm', NULL, 51, NULL, NULL),
	('70021ee2-3c5a-49ad-b1fc-3022ceb33a36', 'gentili.neptunecloud.co.uk', '6a5af305-6482-49b8-b83f-8489c79d5fad', 'Unknown', NULL, 'up', '2025-12-05 17:01:16.09415+00', '{"interval": 60, "monitor_id": 801460211, "uptimerobot_url": "https://uptimerobot.com/dashboard#801460211", "last_down_reason": "OK"}', '2025-12-05 17:01:16.09415+00', '2025-12-08 13:34:16.263901+00', 'uptimerobot_801460211', 'gentili.neptunecloud.co.uk', '2025-12-04 04:04:22+00', 105, NULL, NULL),
	('eaa55b43-d109-4ba7-a69f-4aa569e136d3', 'app5.timeharvest.com', '37bc649f-cbe3-4a2c-90c8-7c4b3051bdd1', 'Unknown', NULL, 'up', '2025-12-05 17:01:10.988321+00', '{"interval": 60, "monitor_id": 801771008, "uptimerobot_url": "https://uptimerobot.com/dashboard#801771008"}', '2025-12-05 17:01:10.988321+00', '2025-12-05 17:29:55.540388+00', 'uptimerobot_801771008', 'https://app5.timeharvest.com', NULL, 75, NULL, NULL),
	('c378806c-7c10-4e78-940d-c35e8f0da3be', 'app4.timeharvest.com', 'd4dd0ab5-fd67-4b9b-847c-bfbe6effb53b', 'Unknown', NULL, 'up', '2025-12-05 17:01:10.580631+00', '{"interval": 60, "monitor_id": 801460531, "uptimerobot_url": "https://uptimerobot.com/dashboard#801460531"}', '2025-12-05 17:01:10.580631+00', '2025-12-05 17:30:20.217237+00', 'uptimerobot_801460531', 'app4.timeharvest.com', NULL, 103, NULL, NULL),
	('65f8d7d8-de17-46dc-a7c0-87a7667e984f', 'dev.neptunecloud.co.uk', 'd4dd0ab5-fd67-4b9b-847c-bfbe6effb53b', 'Unknown', NULL, 'up', '2025-12-05 17:01:13.833411+00', '{"interval": 60, "monitor_id": 801450730, "uptimerobot_url": "https://uptimerobot.com/dashboard#801450730"}', '2025-12-05 17:01:13.833411+00', '2025-12-05 17:31:53.326575+00', 'uptimerobot_801450730', 'https://dev.neptunecloud.co.uk', NULL, 84, NULL, NULL),
	('fc11bbb5-e843-4a83-bfc5-81756b24faec', 'excell.solis.cloud', '028278f2-9591-45b3-8e9e-f19819e49e07', 'Unknown', NULL, 'up', '2025-12-05 17:01:14.682507+00', '{"interval": 60, "monitor_id": 801460435, "uptimerobot_url": "https://uptimerobot.com/dashboard#801460435"}', '2025-12-05 17:01:14.682507+00', '2025-12-05 17:32:13.474866+00', 'uptimerobot_801460435', 'excell.solis.cloud', NULL, 103, NULL, NULL),
	('539057a0-3654-406b-9799-f048940937b6', 'multicare.solis.cloud', '028278f2-9591-45b3-8e9e-f19819e49e07', 'Unknown', NULL, 'up', '2025-12-05 17:01:17.370228+00', '{"interval": 60, "monitor_id": 801460446, "uptimerobot_url": "https://uptimerobot.com/dashboard#801460446"}', '2025-12-05 17:01:17.370228+00', '2025-12-05 17:32:16.050974+00', 'uptimerobot_801460446', 'multicare.solis.cloud', NULL, 112, NULL, NULL),
	('73affb3a-64e5-4aa2-9f43-0cdaad371b7c', 'feburman.timeharvest.com', '37bc649f-cbe3-4a2c-90c8-7c4b3051bdd1', 'Unknown', NULL, 'up', '2025-12-05 17:01:15.626408+00', '{"interval": 60, "monitor_id": 801771005, "uptimerobot_url": "https://uptimerobot.com/dashboard#801771005"}', '2025-12-05 17:01:15.626408+00', '2025-12-05 17:32:40.821877+00', 'uptimerobot_801771005', 'https://feburman.timeharvest.com', NULL, 76, NULL, NULL),
	('86db7a39-749a-401c-8ddc-30c94683122b', 'ada.solis.cloud', '028278f2-9591-45b3-8e9e-f19819e49e07', 'Unknown', NULL, 'up', '2025-12-08 09:22:53.463+00', '{"interval": 60, "monitor_id": 801460436, "uptimerobot_url": "https://uptimerobot.com/dashboard#801460436"}', '2025-12-05 17:01:09.672185+00', '2025-12-08 09:22:53.529905+00', 'uptimerobot_801460436', 'ada.solis.cloud', NULL, 137, NULL, NULL),
	('701bab99-5788-4774-95e7-ee09db9cd3b7', 'assetassist.neptunecloud.co.uk', '1d0d77f1-e444-4160-9a0e-888c313c773e', 'Unknown', NULL, 'up', '2025-12-05 17:01:11.443482+00', '{"interval": 60, "monitor_id": 801460203, "uptimerobot_url": "https://uptimerobot.com/dashboard#801460203", "last_down_reason": "OK"}', '2025-12-05 17:01:11.443482+00', '2025-12-08 13:33:44.865694+00', 'uptimerobot_801460203', 'assetassist.neptunecloud.co.uk', '2025-11-24 01:52:05+00', 147, NULL, NULL),
	('f91e1cbf-6a38-4928-9d47-007545ef2ac7', 'fduk.fm.neptunecloud.co.uk', '1d0d77f1-e444-4160-9a0e-888c313c773e', 'Unknown', NULL, 'up', '2025-12-05 17:01:15.137324+00', '{"interval": 60, "monitor_id": 801450854, "uptimerobot_url": "https://uptimerobot.com/dashboard#801450854", "last_down_reason": "OK"}', '2025-12-05 17:01:15.137324+00', '2025-12-08 13:33:45.36588+00', 'uptimerobot_801450854', 'https://fduk.fm.neptunecloud.co.uk', '2025-09-30 02:37:45+00', 96, NULL, NULL),
	('d8433eee-65fe-4978-8ecb-1c0a216fd836', 'ncdv.neptunecloud.co.uk', '6a5af305-6482-49b8-b83f-8489c79d5fad', 'Unknown', NULL, 'up', '2025-12-05 17:01:17.844801+00', '{"interval": 60, "monitor_id": 801460209, "uptimerobot_url": "https://uptimerobot.com/dashboard#801460209", "last_down_reason": "OK"}', '2025-12-05 17:01:17.844801+00', '2025-12-08 13:34:16.951442+00', 'uptimerobot_801460209', 'ncdv.neptunecloud.co.uk', '2025-11-27 19:23:50+00', 108, NULL, NULL),
	('ffa16a52-961d-4e7d-b3ac-49618d29bbc4', 'mjcp.timeharvest.com', 'd4dd0ab5-fd67-4b9b-847c-bfbe6effb53b', 'Unknown', NULL, 'up', '2025-12-05 17:01:16.945667+00', '{"interval": 60, "monitor_id": 801460441, "uptimerobot_url": "https://uptimerobot.com/dashboard#801460441"}', '2025-12-05 17:01:16.945667+00', '2025-12-08 13:36:00.627811+00', 'uptimerobot_801460441', 'mjcp.timeharvest.com', NULL, 116, NULL, NULL),
	('289d7ed9-09a7-4fc5-8f98-325ddd1ee832', 'teamgb.fmcloud.fm', 'd4dd0ab5-fd67-4b9b-847c-bfbe6effb53b', 'Unknown', NULL, 'up', '2025-12-05 17:01:22.089483+00', '{"interval": 60, "monitor_id": 801908691, "uptimerobot_url": "https://uptimerobot.com/dashboard#801908691"}', '2025-12-05 17:01:22.089483+00', '2025-12-08 13:37:59.441304+00', 'uptimerobot_801908691', 'https://teamgb.fmcloud.fm', NULL, 113, NULL, NULL),
	('3a8c4f5e-89a8-43ac-9ab5-6f6bf3aecf8f', 'timeharvest-02.solis.cloud', '80ce2ee2-fc38-4974-9728-e46c4de606e5', 'Unknown', NULL, 'maintenance', '2025-12-05 17:01:22.51479+00', '{"interval": 60, "monitor_id": 801551113, "uptimerobot_url": "https://uptimerobot.com/dashboard#801551113", "last_down_reason": "OK"}', '2025-12-05 17:01:22.51479+00', '2025-12-08 13:38:43.640993+00', 'uptimerobot_801551113', 'https://timeharvest-02.solis.cloud', '2025-11-21 15:03:47+00', NULL, NULL, NULL),
	('01711b1e-350d-4190-b8ea-548b96a59fe6', 'backup-ncdv', NULL, 'storage', NULL, 'up', '2025-12-10 21:04:43.174565+00', '{"bucket": "backup-ncdv", "source": "aws_s3", "fileSize": 1581056, "eventName": "ObjectCreated:Put", "objectKey": "dbs/OTTO_OFFSITE_1_2025-12-10_2104/Databases/NLSDT.fmp12", "configurationId": "backup_added"}', '2025-12-10 21:04:43.174565+00', '2025-12-10 21:04:43.174565+00', NULL, NULL, NULL, NULL, NULL, 'backup-ncdv'),
	('ea608287-adb6-4129-be39-a407d980ae9a', 'westonpark.neptunecloud.co.uk', '1d0d77f1-e444-4160-9a0e-888c313c773e', 'Unknown', NULL, 'up', '2025-12-05 17:01:25.530262+00', '{"interval": 60, "monitor_id": 801460208, "uptimerobot_url": "https://uptimerobot.com/dashboard#801460208", "last_down_reason": "OK"}', '2025-12-05 17:01:25.530262+00', '2025-12-08 13:33:45.466324+00', 'uptimerobot_801460208', 'westonpark.neptunecloud.co.uk', '2025-11-16 23:29:42+00', 143, NULL, NULL),
	('171eaee0-8cf4-448d-a47b-8563a6da334f', 'workflow.cmp-uk.com', '6a5af305-6482-49b8-b83f-8489c79d5fad', 'Unknown', NULL, 'up', '2025-12-05 17:01:26.742261+00', '{"interval": 60, "monitor_id": 801450859, "uptimerobot_url": "https://uptimerobot.com/dashboard#801450859", "last_down_reason": "OK"}', '2025-12-05 17:01:26.742261+00', '2025-12-08 13:34:15.722713+00', 'uptimerobot_801450859', 'https://workflow.cmp-uk.com', '2025-11-27 16:00:45+00', 94, NULL, NULL),
	('e5c4ba01-2846-48a6-b778-23e322c23d6b', 'redhouseproduction.neptunecloud.co.uk', '6a5af305-6482-49b8-b83f-8489c79d5fad', 'Unknown', NULL, 'up', '2025-12-05 17:01:20.327148+00', '{"interval": 60, "monitor_id": 801450858, "uptimerobot_url": "https://uptimerobot.com/dashboard#801450858", "last_down_reason": "OK"}', '2025-12-05 17:01:20.327148+00', '2025-12-08 13:34:16.185221+00', 'uptimerobot_801450858', 'https://redhouseproduction.neptunecloud.co.uk', '2025-11-27 16:01:45+00', 76, NULL, NULL),
	('6417c24f-1bd0-4d60-8c58-3c2fe9b519ba', 'volt.volanteus.com', '6a5af305-6482-49b8-b83f-8489c79d5fad', 'Unknown', NULL, 'up', '2025-12-05 17:01:25.065464+00', '{"interval": 60, "monitor_id": 801450857, "uptimerobot_url": "https://uptimerobot.com/dashboard#801450857", "last_down_reason": "OK"}', '2025-12-05 17:01:25.065464+00', '2025-12-08 13:34:16.258367+00', 'uptimerobot_801450857', 'https://volt.volanteus.com', '2025-11-27 16:02:38+00', 82, NULL, NULL),
	('b16a0035-29bf-45b0-870f-8afcdd7c887f', 'q2d.neptunecloud.co.uk', '6a5af305-6482-49b8-b83f-8489c79d5fad', 'Unknown', NULL, 'up', '2025-12-05 17:01:19.13697+00', '{"interval": 60, "monitor_id": 801450817, "uptimerobot_url": "https://uptimerobot.com/dashboard#801450817", "last_down_reason": "OK"}', '2025-12-05 17:01:19.13697+00', '2025-12-08 13:34:16.289195+00', 'uptimerobot_801450817', 'https://q2d.neptunecloud.co.uk', '2025-11-27 16:01:59+00', 84, NULL, NULL),
	('e3fb04b6-fbb3-4c30-b118-dafc6b246300', 'winch.neptunecloud.co.uk', '6a5af305-6482-49b8-b83f-8489c79d5fad', 'Unknown', NULL, 'up', '2025-12-05 17:01:26.336084+00', '{"interval": 60, "monitor_id": 801450864, "uptimerobot_url": "https://uptimerobot.com/dashboard#801450864", "last_down_reason": "OK"}', '2025-12-05 17:01:26.336084+00', '2025-12-08 13:34:16.305621+00', 'uptimerobot_801450864', 'https://winch.neptunecloud.co.uk', '2025-11-27 16:00:18+00', 67, NULL, NULL),
	('30980521-9464-44b4-8092-5ff8c2cbb6ae', 'winch-dev.neptunecloud.co.uk', '6a5af305-6482-49b8-b83f-8489c79d5fad', 'Unknown', NULL, 'up', '2025-12-05 17:01:25.936363+00', '{"interval": 60, "monitor_id": 801460213, "uptimerobot_url": "https://uptimerobot.com/dashboard#801460213", "last_down_reason": "OK"}', '2025-12-05 17:01:25.936363+00', '2025-12-08 13:34:16.500412+00', 'uptimerobot_801460213', 'winch-dev.neptunecloud.co.uk', '2025-12-05 00:28:54+00', 104, NULL, NULL),
	('9a6784dc-1384-401f-bf16-e4b4a16e3814', 'tracklist.survivorsintransition.co.uk', '028278f2-9591-45b3-8e9e-f19819e49e07', 'Unknown', NULL, 'up', '2025-12-05 17:01:24.674215+00', '{"interval": 60, "monitor_id": 801460442, "uptimerobot_url": "https://uptimerobot.com/dashboard#801460442"}', '2025-12-05 17:01:24.674215+00', '2025-12-08 13:35:12.190056+00', 'uptimerobot_801460442', 'tracklist.survivorsintransition.co.uk', NULL, 103, NULL, NULL),
	('4b276df6-6e2c-4168-a37a-53a43efa4229', 'timeharvest.solis.cloud', '028278f2-9591-45b3-8e9e-f19819e49e07', 'Unknown', NULL, 'up', '2025-12-05 17:01:23.36218+00', '{"interval": 60, "monitor_id": 801460444, "uptimerobot_url": "https://uptimerobot.com/dashboard#801460444"}', '2025-12-05 17:01:23.36218+00', '2025-12-08 13:35:12.224516+00', 'uptimerobot_801460444', 'timeharvest.solis.cloud', NULL, 106, NULL, NULL),
	('6e4a67d6-f25e-48f0-a3fc-04f9a72e079c', 'owlbarn.neptunecloud.co.uk', '028278f2-9591-45b3-8e9e-f19819e49e07', 'Unknown', NULL, 'up', '2025-12-05 17:01:18.2995+00', '{"interval": 60, "monitor_id": 801460439, "uptimerobot_url": "https://uptimerobot.com/dashboard#801460439"}', '2025-12-05 17:01:18.2995+00', '2025-12-08 13:35:12.370925+00', 'uptimerobot_801460439', 'owlbarn.neptunecloud.co.uk', NULL, 109, NULL, NULL),
	('e35ac63f-4aa6-402e-b713-dc7f02edb11d', 'timeharvest-03.solis.cloud', '028278f2-9591-45b3-8e9e-f19819e49e07', 'Unknown', NULL, 'up', '2025-12-05 17:01:22.910698+00', '{"interval": 60, "monitor_id": 801460438, "uptimerobot_url": "https://uptimerobot.com/dashboard#801460438"}', '2025-12-05 17:01:22.910698+00', '2025-12-08 13:35:12.604174+00', 'uptimerobot_801460438', 'timeharvest-03.solis.cloud', NULL, 114, NULL, NULL),
	('a2839d54-b1c9-4dac-a93d-f8f56c3e92cc', 'sec.solisdigital.com', '028278f2-9591-45b3-8e9e-f19819e49e07', 'Unknown', NULL, 'up', '2025-12-05 17:01:20.736245+00', '{"interval": 60, "monitor_id": 801460440, "uptimerobot_url": "https://uptimerobot.com/dashboard#801460440"}', '2025-12-05 17:01:20.736245+00', '2025-12-08 13:35:13.259531+00', 'uptimerobot_801460440', 'sec.solisdigital.com', NULL, 116, NULL, NULL),
	('3240982c-a486-44e0-87c4-1e8dba8b1ce0', 'recordsdoctor.neptunecloud.co.uk', 'd4dd0ab5-fd67-4b9b-847c-bfbe6effb53b', 'Unknown', NULL, 'up', '2025-12-05 17:01:19.926658+00', '{"interval": 60, "monitor_id": 801460530, "uptimerobot_url": "https://uptimerobot.com/dashboard#801460530"}', '2025-12-05 17:01:19.926658+00', '2025-12-08 13:36:00.299488+00', 'uptimerobot_801460530', 'recordsdoctor.neptunecloud.co.uk', NULL, 105, NULL, NULL),
	('9ff6eb55-8ee1-41a3-8346-3e383e7db6d8', 'system.hallettindependent.com', 'd4dd0ab5-fd67-4b9b-847c-bfbe6effb53b', 'Unknown', NULL, 'up', '2025-12-05 17:01:21.659175+00', '{"interval": 60, "monitor_id": 801460443, "uptimerobot_url": "https://uptimerobot.com/dashboard#801460443"}', '2025-12-05 17:01:21.659175+00', '2025-12-08 13:36:00.368737+00', 'uptimerobot_801460443', 'system.hallettindependent.com', NULL, 111, NULL, NULL),
	('ec69970c-8ec6-4af3-b8f6-2c658035623f', 'staging.neptunecloud.co.uk', 'd4dd0ab5-fd67-4b9b-847c-bfbe6effb53b', 'Unknown', NULL, 'up', '2025-12-05 17:01:21.177089+00', '{"interval": 60, "monitor_id": 801450742, "uptimerobot_url": "https://uptimerobot.com/dashboard#801450742"}', '2025-12-05 17:01:21.177089+00', '2025-12-08 13:36:00.554636+00', 'uptimerobot_801450742', 'https://staging.neptunecloud.co.uk', NULL, 89, NULL, NULL),
	('4be76224-60d0-4777-89e5-cc145d11d29d', 'tphub-dev.travelplaces.co.uk', '1a571901-246b-46e8-a0f1-d3d0ec7481e3', 'Unknown', NULL, 'up', '2025-12-05 17:01:23.823579+00', '{"interval": 60, "monitor_id": 801460528, "uptimerobot_url": "https://uptimerobot.com/dashboard#801460528"}', '2025-12-05 17:01:23.823579+00', '2025-12-08 13:36:31.11971+00', 'uptimerobot_801460528', 'tphub-dev.travelplaces.co.uk', NULL, 90, NULL, NULL),
	('29d06524-a42d-45b4-b22b-1fb9a25a32f8', 'portal.travelplaces.co.uk', '1a571901-246b-46e8-a0f1-d3d0ec7481e3', 'Unknown', NULL, 'up', '2025-12-05 17:01:18.703928+00', '{"interval": 60, "monitor_id": 801460526, "uptimerobot_url": "https://uptimerobot.com/dashboard#801460526", "last_down_reason": "OK"}', '2025-12-05 17:01:18.703928+00', '2025-12-08 13:36:31.157815+00', 'uptimerobot_801460526', 'portal.travelplaces.co.uk', '2025-11-03 02:39:27+00', 92, NULL, NULL),
	('8984c000-e830-447a-99d1-c6d802039a81', 'tphub-staging.travelplaces.co.uk', '1a571901-246b-46e8-a0f1-d3d0ec7481e3', 'Unknown', NULL, 'up', '2025-12-05 17:01:24.247607+00', '{"interval": 60, "monitor_id": 801460529, "uptimerobot_url": "https://uptimerobot.com/dashboard#801460529"}', '2025-12-05 17:01:24.247607+00', '2025-12-08 13:36:31.1812+00', 'uptimerobot_801460529', 'tphub-staging.travelplaces.co.uk', NULL, 95, NULL, NULL),
	('e5ee80e9-3fa6-4362-8290-2f158ad66eaa', 'qlik.basculeuw.com', '58b46988-f670-46e1-9918-5e527de3f352', 'Unknown', NULL, 'up', '2025-12-05 17:01:19.535316+00', '{"interval": 60, "monitor_id": 801908519, "uptimerobot_url": "https://uptimerobot.com/dashboard#801908519"}', '2025-12-05 17:01:19.535316+00', '2025-12-08 13:36:52.576721+00', 'uptimerobot_801908519', 'https://qlik.basculeuw.com', NULL, 22, NULL, NULL);


--
-- Data for Name: client_subscriptions; Type: TABLE DATA; Schema: public; Owner: postgres
--



--
-- Data for Name: status_incidents; Type: TABLE DATA; Schema: public; Owner: postgres
--

INSERT INTO "public"."status_incidents" ("id", "title", "description", "incident_type", "severity", "affected_servers", "affected_regions", "status", "started_at", "resolved_at", "notify_subscribers", "notified_at", "created_by", "created_at", "updated_at", "affected_hosts") VALUES
	('7005be05-5df9-4493-a0e2-1befdec41438', 'Sample Incident', 'FMCloud servers down', 'outage', 'critical', '{06bfd4ce-b97c-413e-b69e-96e1336080c5,70021ee2-3c5a-49ad-b1fc-3022ceb33a36,ffa16a52-961d-4e7d-b3ac-49618d29bbc4,539057a0-3654-406b-9799-f048940937b6,6e4a67d6-f25e-48f0-a3fc-04f9a72e079c,d8433eee-65fe-4978-8ecb-1c0a216fd836,29d06524-a42d-45b4-b22b-1fb9a25a32f8,b16a0035-29bf-45b0-870f-8afcdd7c887f,64252a3d-318b-4612-938e-3e727ddb54ad,e80b04c8-5566-41f7-ba46-79722e4bb0c1,65f8d7d8-de17-46dc-a7c0-87a7667e984f,f45b3d00-d4ed-434d-8194-8a6fb6c677bc,fc11bbb5-e843-4a83-bfc5-81756b24faec,f91e1cbf-6a38-4928-9d47-007545ef2ac7,73affb3a-64e5-4aa2-9f43-0cdaad371b7c,621b5ff1-d6de-4a1b-92e0-e3c3b7138b37,d85c85f9-b5e0-4575-8400-ff319701ed55,701bab99-5788-4774-95e7-ee09db9cd3b7,eaa55b43-d109-4ba7-a69f-4aa569e136d3,98859a0a-d4bf-492b-9704-dd9946cdacec,c378806c-7c10-4e78-940d-c35e8f0da3be}', '{}', 'investigating', '2025-12-08 09:24:39.21879+00', NULL, true, '2025-12-08 09:24:39.713+00', '135836cd-0e17-4dfe-bf38-cd06a5b9eddf', '2025-12-08 09:24:39.21879+00', '2025-12-08 09:24:39.779207+00', '{}'),
	('e79335a8-ee1a-4acd-b9df-ddc8c6bd0808', 'Cloudflare issue', 'Details', 'outage', 'major', '{e80b04c8-5566-41f7-ba46-79722e4bb0c1,98859a0a-d4bf-492b-9704-dd9946cdacec,eaa55b43-d109-4ba7-a69f-4aa569e136d3,c378806c-7c10-4e78-940d-c35e8f0da3be,65f8d7d8-de17-46dc-a7c0-87a7667e984f,fc11bbb5-e843-4a83-bfc5-81756b24faec,539057a0-3654-406b-9799-f048940937b6,73affb3a-64e5-4aa2-9f43-0cdaad371b7c,86db7a39-749a-401c-8ddc-30c94683122b,ffa16a52-961d-4e7d-b3ac-49618d29bbc4,289d7ed9-09a7-4fc5-8f98-325ddd1ee832,9a6784dc-1384-401f-bf16-e4b4a16e3814,4b276df6-6e2c-4168-a37a-53a43efa4229,6e4a67d6-f25e-48f0-a3fc-04f9a72e079c,e35ac63f-4aa6-402e-b713-dc7f02edb11d,a2839d54-b1c9-4dac-a93d-f8f56c3e92cc,3240982c-a486-44e0-87c4-1e8dba8b1ce0,9ff6eb55-8ee1-41a3-8346-3e383e7db6d8,ec69970c-8ec6-4af3-b8f6-2c658035623f,4be76224-60d0-4777-89e5-cc145d11d29d,29d06524-a42d-45b4-b22b-1fb9a25a32f8,8984c000-e830-447a-99d1-c6d802039a81}', '{78bec00d-c8d3-4745-a481-a9679032e26d}', 'investigating', '2025-12-10 10:11:02.045564+00', NULL, false, NULL, '135836cd-0e17-4dfe-bf38-cd06a5b9eddf', '2025-12-10 10:11:02.045564+00', '2025-12-10 10:11:02.045564+00', '{028278f2-9591-45b3-8e9e-f19819e49e07,d4dd0ab5-fd67-4b9b-847c-bfbe6effb53b,1a571901-246b-46e8-a0f1-d3d0ec7481e3,37bc649f-cbe3-4a2c-90c8-7c4b3051bdd1}');


--
-- Data for Name: email_notifications; Type: TABLE DATA; Schema: public; Owner: postgres
--



--
-- Data for Name: incident_updates; Type: TABLE DATA; Schema: public; Owner: postgres
--

INSERT INTO "public"."incident_updates" ("id", "incident_id", "message", "update_type", "created_by", "created_at") VALUES
	('c833441b-bd6b-443a-8494-8fc64528a291', '7005be05-5df9-4493-a0e2-1befdec41438', 'FMCloud servers down', 'investigating', '135836cd-0e17-4dfe-bf38-cd06a5b9eddf', '2025-12-08 09:24:39.351311+00'),
	('b5327e5e-2948-405c-abd1-e8d6b15a6324', 'e79335a8-ee1a-4acd-b9df-ddc8c6bd0808', 'Details', 'investigating', '135836cd-0e17-4dfe-bf38-cd06a5b9eddf', '2025-12-10 10:11:02.270368+00'),
	('d42ea3e4-c634-4a04-8243-9f3c85b8599c', 'e79335a8-ee1a-4acd-b9df-ddc8c6bd0808', 'Update', 'update', '135836cd-0e17-4dfe-bf38-cd06a5b9eddf', '2025-12-10 10:11:25.063971+00');


--
-- Data for Name: notification_history; Type: TABLE DATA; Schema: public; Owner: postgres
--



--
-- Data for Name: server_events; Type: TABLE DATA; Schema: public; Owner: postgres
--

INSERT INTO "public"."server_events" ("id", "server_id", "event_type", "event_source", "status", "message", "payload", "created_at", "old_status", "new_status", "response_time_ms", "backup_event_type", "backup_database", "backup_file_key", "backup_file_size", "backup_file_size_alert_suppressed") VALUES
	('11932d6d-e153-466e-8259-a975477249a5', 'e80b04c8-5566-41f7-ba46-79722e4bb0c1', 'status_change', 'manual', 'maintenance', 'Status manually changed from up to maintenance', '{"changed_at": "2025-12-08T18:05:50.911Z", "changed_by": "135836cd-0e17-4dfe-bf38-cd06a5b9eddf", "changed_by_email": "matt.lygo@neptunedigital.co.uk"}', '2025-12-08 18:05:50.988189+00', 'up', 'maintenance', NULL, NULL, NULL, NULL, NULL, false),
	('63b147e4-5f70-4021-9cfc-ce1de9830f42', 'e80b04c8-5566-41f7-ba46-79722e4bb0c1', 'status_change', 'manual', 'up', 'Status manually changed from maintenance to up', '{"changed_at": "2025-12-08T18:06:16.205Z", "changed_by": "135836cd-0e17-4dfe-bf38-cd06a5b9eddf", "changed_by_email": "matt.lygo@neptunedigital.co.uk"}', '2025-12-08 18:06:16.354297+00', 'maintenance', 'up', NULL, NULL, NULL, NULL, NULL, false),
	('5da51cb0-e45d-44a1-bc91-b0c35b6483cf', '65f8d7d8-de17-46dc-a7c0-87a7667e984f', 'filemaker_event', 'filemaker', 'info', 'OK', '{"event": "backup", "server": "dev.neptunecloud.co.uk", "status": "success", "details": "OK", "severity": "info", "timestamp": "2024-12-01T10:00:00Z"}', '2025-12-09 20:38:25.558307+00', NULL, NULL, NULL, NULL, NULL, NULL, NULL, false),
	('160d62ee-9186-4e85-b38b-5a51a614f248', 'e80b04c8-5566-41f7-ba46-79722e4bb0c1', 'status_change', 'manual', 'incident', 'Incident created: Cloudflare issue', '{"severity": "major", "created_at": "2025-12-10T10:11:02.328Z", "created_by": "135836cd-0e17-4dfe-bf38-cd06a5b9eddf", "description": "Details", "incident_id": "e79335a8-ee1a-4acd-b9df-ddc8c6bd0808", "incident_url": "/dashboard/admin/incidents", "incident_type": "outage", "created_by_email": "matt.lygo@neptunedigital.co.uk"}', '2025-12-10 10:11:02.401698+00', NULL, NULL, NULL, NULL, NULL, NULL, NULL, false),
	('8bfc68b6-dd4a-4176-994b-5a141015a227', '98859a0a-d4bf-492b-9704-dd9946cdacec', 'status_change', 'manual', 'incident', 'Incident created: Cloudflare issue', '{"severity": "major", "created_at": "2025-12-10T10:11:02.328Z", "created_by": "135836cd-0e17-4dfe-bf38-cd06a5b9eddf", "description": "Details", "incident_id": "e79335a8-ee1a-4acd-b9df-ddc8c6bd0808", "incident_url": "/dashboard/admin/incidents", "incident_type": "outage", "created_by_email": "matt.lygo@neptunedigital.co.uk"}', '2025-12-10 10:11:02.401698+00', NULL, NULL, NULL, NULL, NULL, NULL, NULL, false),
	('0ce1efe8-ee06-4565-8756-4f709e07a11d', 'eaa55b43-d109-4ba7-a69f-4aa569e136d3', 'status_change', 'manual', 'incident', 'Incident created: Cloudflare issue', '{"severity": "major", "created_at": "2025-12-10T10:11:02.328Z", "created_by": "135836cd-0e17-4dfe-bf38-cd06a5b9eddf", "description": "Details", "incident_id": "e79335a8-ee1a-4acd-b9df-ddc8c6bd0808", "incident_url": "/dashboard/admin/incidents", "incident_type": "outage", "created_by_email": "matt.lygo@neptunedigital.co.uk"}', '2025-12-10 10:11:02.401698+00', NULL, NULL, NULL, NULL, NULL, NULL, NULL, false),
	('83a6e773-3409-4075-8a0b-7c5ce4724cd3', 'c378806c-7c10-4e78-940d-c35e8f0da3be', 'status_change', 'manual', 'incident', 'Incident created: Cloudflare issue', '{"severity": "major", "created_at": "2025-12-10T10:11:02.328Z", "created_by": "135836cd-0e17-4dfe-bf38-cd06a5b9eddf", "description": "Details", "incident_id": "e79335a8-ee1a-4acd-b9df-ddc8c6bd0808", "incident_url": "/dashboard/admin/incidents", "incident_type": "outage", "created_by_email": "matt.lygo@neptunedigital.co.uk"}', '2025-12-10 10:11:02.401698+00', NULL, NULL, NULL, NULL, NULL, NULL, NULL, false),
	('d49c8631-8f33-452c-9b15-8f1152ce0b75', '65f8d7d8-de17-46dc-a7c0-87a7667e984f', 'status_change', 'manual', 'incident', 'Incident created: Cloudflare issue', '{"severity": "major", "created_at": "2025-12-10T10:11:02.328Z", "created_by": "135836cd-0e17-4dfe-bf38-cd06a5b9eddf", "description": "Details", "incident_id": "e79335a8-ee1a-4acd-b9df-ddc8c6bd0808", "incident_url": "/dashboard/admin/incidents", "incident_type": "outage", "created_by_email": "matt.lygo@neptunedigital.co.uk"}', '2025-12-10 10:11:02.401698+00', NULL, NULL, NULL, NULL, NULL, NULL, NULL, false),
	('2a34d835-3084-4284-8687-b56799a05250', 'fc11bbb5-e843-4a83-bfc5-81756b24faec', 'status_change', 'manual', 'incident', 'Incident created: Cloudflare issue', '{"severity": "major", "created_at": "2025-12-10T10:11:02.328Z", "created_by": "135836cd-0e17-4dfe-bf38-cd06a5b9eddf", "description": "Details", "incident_id": "e79335a8-ee1a-4acd-b9df-ddc8c6bd0808", "incident_url": "/dashboard/admin/incidents", "incident_type": "outage", "created_by_email": "matt.lygo@neptunedigital.co.uk"}', '2025-12-10 10:11:02.401698+00', NULL, NULL, NULL, NULL, NULL, NULL, NULL, false),
	('654fa9d5-c804-4229-aa22-75939df0400e', '539057a0-3654-406b-9799-f048940937b6', 'status_change', 'manual', 'incident', 'Incident created: Cloudflare issue', '{"severity": "major", "created_at": "2025-12-10T10:11:02.328Z", "created_by": "135836cd-0e17-4dfe-bf38-cd06a5b9eddf", "description": "Details", "incident_id": "e79335a8-ee1a-4acd-b9df-ddc8c6bd0808", "incident_url": "/dashboard/admin/incidents", "incident_type": "outage", "created_by_email": "matt.lygo@neptunedigital.co.uk"}', '2025-12-10 10:11:02.401698+00', NULL, NULL, NULL, NULL, NULL, NULL, NULL, false),
	('a6e9c2f4-193b-441c-9b90-7a24d4c76d19', '73affb3a-64e5-4aa2-9f43-0cdaad371b7c', 'status_change', 'manual', 'incident', 'Incident created: Cloudflare issue', '{"severity": "major", "created_at": "2025-12-10T10:11:02.328Z", "created_by": "135836cd-0e17-4dfe-bf38-cd06a5b9eddf", "description": "Details", "incident_id": "e79335a8-ee1a-4acd-b9df-ddc8c6bd0808", "incident_url": "/dashboard/admin/incidents", "incident_type": "outage", "created_by_email": "matt.lygo@neptunedigital.co.uk"}', '2025-12-10 10:11:02.401698+00', NULL, NULL, NULL, NULL, NULL, NULL, NULL, false),
	('2d2cb33a-e859-4a20-a836-c6aefe00f490', '86db7a39-749a-401c-8ddc-30c94683122b', 'status_change', 'manual', 'incident', 'Incident created: Cloudflare issue', '{"severity": "major", "created_at": "2025-12-10T10:11:02.328Z", "created_by": "135836cd-0e17-4dfe-bf38-cd06a5b9eddf", "description": "Details", "incident_id": "e79335a8-ee1a-4acd-b9df-ddc8c6bd0808", "incident_url": "/dashboard/admin/incidents", "incident_type": "outage", "created_by_email": "matt.lygo@neptunedigital.co.uk"}', '2025-12-10 10:11:02.401698+00', NULL, NULL, NULL, NULL, NULL, NULL, NULL, false),
	('5b341e03-57fa-4e3e-b893-d6b90b720dd3', 'ffa16a52-961d-4e7d-b3ac-49618d29bbc4', 'status_change', 'manual', 'incident', 'Incident created: Cloudflare issue', '{"severity": "major", "created_at": "2025-12-10T10:11:02.328Z", "created_by": "135836cd-0e17-4dfe-bf38-cd06a5b9eddf", "description": "Details", "incident_id": "e79335a8-ee1a-4acd-b9df-ddc8c6bd0808", "incident_url": "/dashboard/admin/incidents", "incident_type": "outage", "created_by_email": "matt.lygo@neptunedigital.co.uk"}', '2025-12-10 10:11:02.401698+00', NULL, NULL, NULL, NULL, NULL, NULL, NULL, false),
	('8b041a2c-70cd-4ba4-9632-8797411c8648', '289d7ed9-09a7-4fc5-8f98-325ddd1ee832', 'status_change', 'manual', 'incident', 'Incident created: Cloudflare issue', '{"severity": "major", "created_at": "2025-12-10T10:11:02.328Z", "created_by": "135836cd-0e17-4dfe-bf38-cd06a5b9eddf", "description": "Details", "incident_id": "e79335a8-ee1a-4acd-b9df-ddc8c6bd0808", "incident_url": "/dashboard/admin/incidents", "incident_type": "outage", "created_by_email": "matt.lygo@neptunedigital.co.uk"}', '2025-12-10 10:11:02.401698+00', NULL, NULL, NULL, NULL, NULL, NULL, NULL, false),
	('5accb8ab-d276-42b2-a739-4ad1e93661dc', '9a6784dc-1384-401f-bf16-e4b4a16e3814', 'status_change', 'manual', 'incident', 'Incident created: Cloudflare issue', '{"severity": "major", "created_at": "2025-12-10T10:11:02.328Z", "created_by": "135836cd-0e17-4dfe-bf38-cd06a5b9eddf", "description": "Details", "incident_id": "e79335a8-ee1a-4acd-b9df-ddc8c6bd0808", "incident_url": "/dashboard/admin/incidents", "incident_type": "outage", "created_by_email": "matt.lygo@neptunedigital.co.uk"}', '2025-12-10 10:11:02.401698+00', NULL, NULL, NULL, NULL, NULL, NULL, NULL, false),
	('4d972cba-d1d8-4da4-89c5-3fc83ee0e5e4', '4b276df6-6e2c-4168-a37a-53a43efa4229', 'status_change', 'manual', 'incident', 'Incident created: Cloudflare issue', '{"severity": "major", "created_at": "2025-12-10T10:11:02.328Z", "created_by": "135836cd-0e17-4dfe-bf38-cd06a5b9eddf", "description": "Details", "incident_id": "e79335a8-ee1a-4acd-b9df-ddc8c6bd0808", "incident_url": "/dashboard/admin/incidents", "incident_type": "outage", "created_by_email": "matt.lygo@neptunedigital.co.uk"}', '2025-12-10 10:11:02.401698+00', NULL, NULL, NULL, NULL, NULL, NULL, NULL, false),
	('b29a1791-6b7b-467f-93d8-7976256386d8', '6e4a67d6-f25e-48f0-a3fc-04f9a72e079c', 'status_change', 'manual', 'incident', 'Incident created: Cloudflare issue', '{"severity": "major", "created_at": "2025-12-10T10:11:02.328Z", "created_by": "135836cd-0e17-4dfe-bf38-cd06a5b9eddf", "description": "Details", "incident_id": "e79335a8-ee1a-4acd-b9df-ddc8c6bd0808", "incident_url": "/dashboard/admin/incidents", "incident_type": "outage", "created_by_email": "matt.lygo@neptunedigital.co.uk"}', '2025-12-10 10:11:02.401698+00', NULL, NULL, NULL, NULL, NULL, NULL, NULL, false),
	('d4766241-0568-498e-a89c-c12acee76caa', 'e35ac63f-4aa6-402e-b713-dc7f02edb11d', 'status_change', 'manual', 'incident', 'Incident created: Cloudflare issue', '{"severity": "major", "created_at": "2025-12-10T10:11:02.328Z", "created_by": "135836cd-0e17-4dfe-bf38-cd06a5b9eddf", "description": "Details", "incident_id": "e79335a8-ee1a-4acd-b9df-ddc8c6bd0808", "incident_url": "/dashboard/admin/incidents", "incident_type": "outage", "created_by_email": "matt.lygo@neptunedigital.co.uk"}', '2025-12-10 10:11:02.401698+00', NULL, NULL, NULL, NULL, NULL, NULL, NULL, false),
	('5ea53ece-89e8-4857-b5f9-8ab103d60b9c', 'a2839d54-b1c9-4dac-a93d-f8f56c3e92cc', 'status_change', 'manual', 'incident', 'Incident created: Cloudflare issue', '{"severity": "major", "created_at": "2025-12-10T10:11:02.328Z", "created_by": "135836cd-0e17-4dfe-bf38-cd06a5b9eddf", "description": "Details", "incident_id": "e79335a8-ee1a-4acd-b9df-ddc8c6bd0808", "incident_url": "/dashboard/admin/incidents", "incident_type": "outage", "created_by_email": "matt.lygo@neptunedigital.co.uk"}', '2025-12-10 10:11:02.401698+00', NULL, NULL, NULL, NULL, NULL, NULL, NULL, false),
	('f7b07371-4824-4a55-99e7-ca1c8783a359', '3240982c-a486-44e0-87c4-1e8dba8b1ce0', 'status_change', 'manual', 'incident', 'Incident created: Cloudflare issue', '{"severity": "major", "created_at": "2025-12-10T10:11:02.328Z", "created_by": "135836cd-0e17-4dfe-bf38-cd06a5b9eddf", "description": "Details", "incident_id": "e79335a8-ee1a-4acd-b9df-ddc8c6bd0808", "incident_url": "/dashboard/admin/incidents", "incident_type": "outage", "created_by_email": "matt.lygo@neptunedigital.co.uk"}', '2025-12-10 10:11:02.401698+00', NULL, NULL, NULL, NULL, NULL, NULL, NULL, false),
	('633d0e53-a262-43c7-a441-cd2f5f7d18fa', '9ff6eb55-8ee1-41a3-8346-3e383e7db6d8', 'status_change', 'manual', 'incident', 'Incident created: Cloudflare issue', '{"severity": "major", "created_at": "2025-12-10T10:11:02.328Z", "created_by": "135836cd-0e17-4dfe-bf38-cd06a5b9eddf", "description": "Details", "incident_id": "e79335a8-ee1a-4acd-b9df-ddc8c6bd0808", "incident_url": "/dashboard/admin/incidents", "incident_type": "outage", "created_by_email": "matt.lygo@neptunedigital.co.uk"}', '2025-12-10 10:11:02.401698+00', NULL, NULL, NULL, NULL, NULL, NULL, NULL, false),
	('ac6d2730-e002-471e-8a5a-15a52837cde6', 'ec69970c-8ec6-4af3-b8f6-2c658035623f', 'status_change', 'manual', 'incident', 'Incident created: Cloudflare issue', '{"severity": "major", "created_at": "2025-12-10T10:11:02.328Z", "created_by": "135836cd-0e17-4dfe-bf38-cd06a5b9eddf", "description": "Details", "incident_id": "e79335a8-ee1a-4acd-b9df-ddc8c6bd0808", "incident_url": "/dashboard/admin/incidents", "incident_type": "outage", "created_by_email": "matt.lygo@neptunedigital.co.uk"}', '2025-12-10 10:11:02.401698+00', NULL, NULL, NULL, NULL, NULL, NULL, NULL, false),
	('e022c45b-5db9-4a89-8719-c2e216e494c9', '4be76224-60d0-4777-89e5-cc145d11d29d', 'status_change', 'manual', 'incident', 'Incident created: Cloudflare issue', '{"severity": "major", "created_at": "2025-12-10T10:11:02.328Z", "created_by": "135836cd-0e17-4dfe-bf38-cd06a5b9eddf", "description": "Details", "incident_id": "e79335a8-ee1a-4acd-b9df-ddc8c6bd0808", "incident_url": "/dashboard/admin/incidents", "incident_type": "outage", "created_by_email": "matt.lygo@neptunedigital.co.uk"}', '2025-12-10 10:11:02.401698+00', NULL, NULL, NULL, NULL, NULL, NULL, NULL, false),
	('3ffd56ba-8f24-46c6-aeac-b14c7d8d6bff', '29d06524-a42d-45b4-b22b-1fb9a25a32f8', 'status_change', 'manual', 'incident', 'Incident created: Cloudflare issue', '{"severity": "major", "created_at": "2025-12-10T10:11:02.328Z", "created_by": "135836cd-0e17-4dfe-bf38-cd06a5b9eddf", "description": "Details", "incident_id": "e79335a8-ee1a-4acd-b9df-ddc8c6bd0808", "incident_url": "/dashboard/admin/incidents", "incident_type": "outage", "created_by_email": "matt.lygo@neptunedigital.co.uk"}', '2025-12-10 10:11:02.401698+00', NULL, NULL, NULL, NULL, NULL, NULL, NULL, false),
	('877f47d3-f8cd-4e6d-991f-db78c0a8ea95', '8984c000-e830-447a-99d1-c6d802039a81', 'status_change', 'manual', 'incident', 'Incident created: Cloudflare issue', '{"severity": "major", "created_at": "2025-12-10T10:11:02.328Z", "created_by": "135836cd-0e17-4dfe-bf38-cd06a5b9eddf", "description": "Details", "incident_id": "e79335a8-ee1a-4acd-b9df-ddc8c6bd0808", "incident_url": "/dashboard/admin/incidents", "incident_type": "outage", "created_by_email": "matt.lygo@neptunedigital.co.uk"}', '2025-12-10 10:11:02.401698+00', NULL, NULL, NULL, NULL, NULL, NULL, NULL, false),
	('fcdab08a-b697-4328-b090-8098331ed0fb', 'd0c4a153-18c5-4705-8996-1dfa37413183', 's3_restore', 'aws_s3', 'unknown', 'Operation: unknown', '{"Type": "SubscriptionConfirmation", "Token": "2336412f37fb687f5d51e6e2425a8a5973989ea88a3fa82ec9078a861d5035538e06501ab360d126ea4df964f41fd259d1ef6e94a8b9da92df4633dd2699b9e043be755a53063cfede25128f52c3ce50970cc6b155a4a4f76c3e13c67e15a62086c113aee75fe7c31305495397fe0301f79c4cd8e6ed413a98f6d5a21e0e6141", "Message": "You have chosen to subscribe to the topic arn:aws:sns:eu-west-2:734201894955:s3-backup-notifications.\nTo confirm the subscription, visit the SubscribeURL included in this message.", "TopicArn": "arn:aws:sns:eu-west-2:734201894955:s3-backup-notifications", "MessageId": "9c253481-1087-4a3f-bf6f-e1a5e8ca8959", "Signature": "gBU2bqTTkT8e+/KJ9FpmJ+fgxiuWiB4mqqI7zsJEwho7IAnNJshIO/E/4tGyZNzDOBrfDA50ptTZXcbVpOEOi7bctb7TcDCDvU0BCNYIZvbMBrqFZp9GqZAx/QG/jKsusaiTBHqx2zF74eWQ6G+VrXZMKqH4EwD3N95p9KgI0bdjF9FyoOEb5FrrclhDRfZ0HLIK8WzmaP18/UwB24Q1oMyr4FjSoUr1Q1Wx2T+K0IfuPJzpuwTm289t5FRPYKk+uknTvVcBT2QmiX4d6/YFxbqQFcoiqe3LuGbDDTnRmovlExAAQtd4fI0k5ODhs+C64zDKq/dD1DdYup7nNb/rCQ==", "Timestamp": "2025-12-10T17:23:19.731Z", "SubscribeURL": "https://sns.eu-west-2.amazonaws.com/?Action=ConfirmSubscription&TopicArn=arn:aws:sns:eu-west-2:734201894955:s3-backup-notifications&Token=2336412f37fb687f5d51e6e2425a8a5973989ea88a3fa82ec9078a861d5035538e06501ab360d126ea4df964f41fd259d1ef6e94a8b9da92df4633dd2699b9e043be755a53063cfede25128f52c3ce50970cc6b155a4a4f76c3e13c67e15a62086c113aee75fe7c31305495397fe0301f79c4cd8e6ed413a98f6d5a21e0e6141", "SigningCertURL": "https://sns.eu-west-2.amazonaws.com/SimpleNotificationService-6209c161c6221fdf56ec1eb5c821d112.pem", "SignatureVersion": "1"}', '2025-12-10 17:23:21.154642+00', NULL, NULL, NULL, NULL, NULL, NULL, NULL, false),
	('b97f5381-00c6-4602-9a34-5c7359f4e35c', 'd0c4a153-18c5-4705-8996-1dfa37413183', 's3_restore', 'aws_s3', 'unknown', 'Operation: unknown', '{"Type": "Notification", "Message": "{\"Service\":\"Amazon S3\",\"Event\":\"s3:TestEvent\",\"Time\":\"2025-12-10T17:26:25.568Z\",\"Bucket\":\"backup-assa\",\"RequestId\":\"34JPF0W5E4R3NNAK\",\"HostId\":\"CaN0e07qYDnSbmQo4xuT8zxy6Rock7xoKppyg+EM/fAaYAwWivjUADajOehRWxgwrHComp/mJjs=\"}", "Subject": "Amazon S3 Notification", "TopicArn": "arn:aws:sns:eu-west-2:734201894955:s3-backup-notifications", "MessageId": "391fc32b-7d24-5a47-87db-a298d2a5c65d", "Signature": "Fn9bMbZDiAsRrsSVO+BuxWYuTnPbzCr1O+a9UffA1bE/tXKohSoOf+nGYOl9Ndu51YyOT1uE2rIbwDshwhB+8LIk1M0VVklvcCUVBAMZyRkaQrVOtVeFWnRK36FMHgRA8ELrDpIsFQmvmkjJA0CPyeix7jt+O4zVmuZJ9aA9Nz+az0NjHyBOcmqkpD/gedlckZde4tdd+Khx7jYAHxCd8DNxoH2aQfCeoOLkkNt2N+1OGx/hvSajOPkUvJwucEfATwJNd4ZF8l6TXbCWaUNcswBUIQb6xoGwbbn5nQdddct6An9JY53swEHPeM1d26ovjGVj6zEpLCQlNF4lF0zYAw==", "Timestamp": "2025-12-10T17:26:25.617Z", "SigningCertURL": "https://sns.eu-west-2.amazonaws.com/SimpleNotificationService-6209c161c6221fdf56ec1eb5c821d112.pem", "UnsubscribeURL": "https://sns.eu-west-2.amazonaws.com/?Action=Unsubscribe&SubscriptionArn=arn:aws:sns:eu-west-2:734201894955:s3-backup-notifications:d6b886a7-1f09-4c01-9a85-91a8c5962eb3", "SignatureVersion": "1"}', '2025-12-10 17:26:26.960872+00', NULL, NULL, NULL, NULL, NULL, NULL, NULL, false),
	('bf7fd578-318e-4af9-868f-f5c32c835225', 'd0c4a153-18c5-4705-8996-1dfa37413183', 's3_restore', 'aws_s3', 'unknown', 'Operation: unknown', '{"Type": "Notification", "Message": "{\"Service\":\"Amazon S3\",\"Event\":\"s3:TestEvent\",\"Time\":\"2025-12-10T17:30:01.003Z\",\"Bucket\":\"backup-esprinting\",\"RequestId\":\"BXJCAGTYAG1GXX4X\",\"HostId\":\"9luFJJwqsesy0wHSZ3V7UwKP+ZnNJa8aWu2Y4m/nunXI/wXeB54DuQ/KKPOrGFI4Uuliotqxw0l0+qKnluaGcIJ5Yhiy6Gu8\"}", "Subject": "Amazon S3 Notification", "TopicArn": "arn:aws:sns:eu-west-2:734201894955:s3-backup-notifications", "MessageId": "559a6cfc-9117-58ec-9550-0d4f214e7937", "Signature": "pnCS8QBiNPhBkgHvP2Tv6kc7odN4bYcXazvBHx1cW1rlFm/j44ZYrPX1pSQIEcXsTb1/PitCchY6Qr2GClvwB9kn9nojP/wyMSqgVGO2Z9vsQ0JFyaQJYpE2ZeZ2bv1740W3b+rh8MvrE72nkA1a8ol7Y5gvECGarEQh66o55wKIXNwP59Xvn7ML3THx2ObcayvBDT3E7m3DyQhI863JdSQOHIqHon+G+u/RYBj3/PJEsOjRmK5iHTe7RLD1OTXj6ribrCuQ9PyDWsd93mvufYuC4KCGvS0Di6nb6OUstJYpHUwAqBzCWdBjMNeqgG+sk6qCiYh9Smvxpmjm91wFQA==", "Timestamp": "2025-12-10T17:30:01.039Z", "SigningCertURL": "https://sns.eu-west-2.amazonaws.com/SimpleNotificationService-6209c161c6221fdf56ec1eb5c821d112.pem", "UnsubscribeURL": "https://sns.eu-west-2.amazonaws.com/?Action=Unsubscribe&SubscriptionArn=arn:aws:sns:eu-west-2:734201894955:s3-backup-notifications:d6b886a7-1f09-4c01-9a85-91a8c5962eb3", "SignatureVersion": "1"}', '2025-12-10 17:30:01.785791+00', NULL, NULL, NULL, NULL, NULL, NULL, NULL, false),
	('b80e84f3-b124-449c-a4a8-d81d4ec65175', 'd0c4a153-18c5-4705-8996-1dfa37413183', 's3_restore', 'aws_s3', 'unknown', 'Operation: unknown', '{"Type": "Notification", "Message": "{\"Records\":[{\"eventVersion\":\"2.1\",\"eventSource\":\"aws:s3\",\"awsRegion\":\"eu-west-2\",\"eventTime\":\"2025-12-10T17:31:34.578Z\",\"eventName\":\"ObjectCreated:Put\",\"userIdentity\":{\"principalId\":\"AWS:AIDA2V4OX3AVVUZ5CDMJK\"},\"requestParameters\":{\"sourceIPAddress\":\"66.245.192.185\"},\"responseElements\":{\"x-amz-request-id\":\"TM5BEY6XF1G6KW5W\",\"x-amz-id-2\":\"LyjzWHt8ztHrFSG4sSmWowNScqEQglNkm+AnmtDxHhrP52MV5W0SD0OwCqh5R41GVRv1Syf1zPmCeCYYq/zT7ykbz86YMF+n\"},\"s3\":{\"s3SchemaVersion\":\"1.0\",\"configurationId\":\"backup_added\",\"bucket\":{\"name\":\"backup-esprinting\",\"ownerIdentity\":{\"principalId\":\"A50UXABTCMMNK\"},\"arn\":\"arn:aws:s3:::backup-esprinting\"},\"object\":{\"key\":\"dbs/Daily_2025-12-10_1731/backup.config\",\"size\":100,\"eTag\":\"10c8a0e8d8e1f1eddcdb17ca7d84d3a7\",\"sequencer\":\"006939AE76810EB57D\"}}}]}", "Subject": "Amazon S3 Notification", "TopicArn": "arn:aws:sns:eu-west-2:734201894955:s3-backup-notifications", "MessageId": "b647a9bd-4179-5282-9bca-c80ef1ce74d5", "Signature": "pZXywR1JwAh64sX8H7HgWW+A7R3pGUoiiM7QqLCfP5r4+j6XJEtVqNaLujcge3ToBYnjnBUO0wOTneUxqdo0teBZ+ADVanpbSHhsvCYwwttPnndPO7LzTg9lmDNmWujFnNu297lLAraYMq9/Bgy04rwf8ugs1De87w8t7vBhWEI1k/NAF/NAmLGkaZxGJFIg6GVGpg1dCJg9wBE6uW2LyZ/XeKG6TV7X7QgvgYfQzQc7cEy5AN2nVjmnpCRpEyMSxhs570sww53yh90BQnl+uu4j81sMxYXYa3z0iIOgLl3hyZ981ICrKESoQhWt4J6yhDMZyDD6xLMDDzykuXmC8Q==", "Timestamp": "2025-12-10T17:31:35.590Z", "SigningCertURL": "https://sns.eu-west-2.amazonaws.com/SimpleNotificationService-6209c161c6221fdf56ec1eb5c821d112.pem", "UnsubscribeURL": "https://sns.eu-west-2.amazonaws.com/?Action=Unsubscribe&SubscriptionArn=arn:aws:sns:eu-west-2:734201894955:s3-backup-notifications:d6b886a7-1f09-4c01-9a85-91a8c5962eb3", "SignatureVersion": "1"}', '2025-12-10 17:31:36.289215+00', NULL, NULL, NULL, NULL, NULL, NULL, NULL, false),
	('5e07c401-ed69-42b0-99f2-26a62f0f09bf', 'd0c4a153-18c5-4705-8996-1dfa37413183', 's3_restore', 'aws_s3', 'unknown', 'Operation: unknown', '{"Type": "Notification", "Message": "{\"Records\":[{\"eventVersion\":\"2.1\",\"eventSource\":\"aws:s3\",\"awsRegion\":\"eu-west-2\",\"eventTime\":\"2025-12-10T17:31:34.960Z\",\"eventName\":\"ObjectCreated:Put\",\"userIdentity\":{\"principalId\":\"AWS:AIDA2V4OX3AVVUZ5CDMJK\"},\"requestParameters\":{\"sourceIPAddress\":\"66.245.192.185\"},\"responseElements\":{\"x-amz-request-id\":\"TM54CKWPCXVRBBFR\",\"x-amz-id-2\":\"yxzhNeWjQswMRYh5joGoQp8ifsFRgQs/naxLK+TXXu+/H2JMqzuknUB2tZ2BOUWxPapDM7Efuxm3pjLa7EPXe+snywz9tFJi\"},\"s3\":{\"s3SchemaVersion\":\"1.0\",\"configurationId\":\"backup_added\",\"bucket\":{\"name\":\"backup-esprinting\",\"ownerIdentity\":{\"principalId\":\"A50UXABTCMMNK\"},\"arn\":\"arn:aws:s3:::backup-esprinting\"},\"object\":{\"key\":\"dbs/Daily_2025-12-10_1731/Databases/ESPrinting.fmp12\",\"size\":42082304,\"eTag\":\"223f54d3fa7f2a193f0ee4bac9b249b2\",\"sequencer\":\"006939AE7691B69036\"}}}]}", "Subject": "Amazon S3 Notification", "TopicArn": "arn:aws:sns:eu-west-2:734201894955:s3-backup-notifications", "MessageId": "ca745c07-3aea-5c88-a757-3db48a5da30d", "Signature": "DV/ARmHEXy2j0HJy3ejn5YNQxfY0V9cxNOjeY5bPHXvUFMcX5f5c/jcefrxU2PHsEF36WtH2SSJL5YeYKhz1HZo2lg03UtdPImu7pPXP3peFpi48vb9b/HClRTgDez/CyGjKm6QiLauJoLQDz/ABcD9UqK9HZOXIfN+yE5x4Py5LchweS4FZ2Z7wMrtjJdTNuSM7lixn98O7VUApCmr4N68JkVzAHydaH61QIJgY0uMDQZtcGqyZqR9Wd2fbSyEsHYNZizzFzlTdrXmOQ0iLOs8UuwNe/dwrnA6sZlyvsTFNXaB973Msw/NbKrFJeS3juV6o/02sc3myXTOWEYc32A==", "Timestamp": "2025-12-10T17:31:35.644Z", "SigningCertURL": "https://sns.eu-west-2.amazonaws.com/SimpleNotificationService-6209c161c6221fdf56ec1eb5c821d112.pem", "UnsubscribeURL": "https://sns.eu-west-2.amazonaws.com/?Action=Unsubscribe&SubscriptionArn=arn:aws:sns:eu-west-2:734201894955:s3-backup-notifications:d6b886a7-1f09-4c01-9a85-91a8c5962eb3", "SignatureVersion": "1"}', '2025-12-10 17:31:36.295686+00', NULL, NULL, NULL, NULL, NULL, NULL, NULL, false),
	('33321453-c152-43fb-ab6b-03dd62eace4b', 'd0c4a153-18c5-4705-8996-1dfa37413183', 's3_restore', 'aws_s3', 'unknown', 'Operation: unknown', '{"Type": "Notification", "Message": "{\"Service\":\"Amazon S3\",\"Event\":\"s3:TestEvent\",\"Time\":\"2025-12-10T18:39:56.339Z\",\"Bucket\":\"backup-excell\",\"RequestId\":\"JVKNF51PJR86F1HV\",\"HostId\":\"ooa2wWWgZpMa437hBGKPQaLa1F1DaVENKhJcvsLGKM0sQzu3bQ+kvoYb19x1oEDOvZ31Tx5RUsw=\"}", "Subject": "Amazon S3 Notification", "TopicArn": "arn:aws:sns:eu-west-2:734201894955:s3-backup-notifications", "MessageId": "3777a2a8-5143-50a3-8875-c31b91ffa962", "Signature": "TCZuYvUbpq2YleAUefrtGxtKCXKczvJ3FZ3VJG8uqMGRTT7TJfsl1TzX7r2DwRQjCyUDQ/vHcI5RBYg4gTIBGoj4vqV4r/ha3BujWYYG7CWojnFP+aNjyVVySAQs1edUj6GPMNlT615TZwhAWJoJxqWpyslNwJO5sKxjHJ0h0dLL/eUZOYhxuiqh4CPTY9v1u07D5XPInPX38VEjrIY4Guf/OUHE/091F17q78Br8NKTJ9bIsmzfmY0H/BkhX8UnS6TKUJ4561y3/XDZVOKlcBdqcqpPzpmK+aJwV/kJry06OBeOwM7m1hKUJqIubnrsgqslYY7cgfOBoRAnsqemgA==", "Timestamp": "2025-12-10T18:39:56.379Z", "SigningCertURL": "https://sns.eu-west-2.amazonaws.com/SimpleNotificationService-6209c161c6221fdf56ec1eb5c821d112.pem", "UnsubscribeURL": "https://sns.eu-west-2.amazonaws.com/?Action=Unsubscribe&SubscriptionArn=arn:aws:sns:eu-west-2:734201894955:s3-backup-notifications:d6b886a7-1f09-4c01-9a85-91a8c5962eb3", "SignatureVersion": "1"}', '2025-12-10 18:39:57.521603+00', NULL, NULL, NULL, NULL, NULL, NULL, NULL, false),
	('1356acef-9d69-4700-bb72-45aca779efa4', 'f45b3d00-d4ed-434d-8194-8a6fb6c677bc', 'backup_added', 'aws_s3', 'success', 'backup added: ESPrinting.fmp12', '{"Type": "Notification", "Message": "{\"Records\":[{\"eventVersion\":\"2.1\",\"eventSource\":\"aws:s3\",\"awsRegion\":\"eu-west-2\",\"eventTime\":\"2025-12-10T17:47:17.552Z\",\"eventName\":\"ObjectCreated:Put\",\"userIdentity\":{\"principalId\":\"AWS:AIDA2V4OX3AVVUZ5CDMJK\"},\"requestParameters\":{\"sourceIPAddress\":\"66.245.192.185\"},\"responseElements\":{\"x-amz-request-id\":\"YQKYC7M18Q3KH6YW\",\"x-amz-id-2\":\"aNQtI8Viyii31eYcYQUApujsMmd4W9xgn0KWczMCgTa3d8ZK6cW+jj4denvCI5aDHtQQRzwr8gJxO0Rkz1IGNQCIXfUJFQUMwjf+zJEQYug=\"},\"s3\":{\"s3SchemaVersion\":\"1.0\",\"configurationId\":\"backup_added\",\"bucket\":{\"name\":\"backup-esprinting\",\"ownerIdentity\":{\"principalId\":\"A50UXABTCMMNK\"},\"arn\":\"arn:aws:s3:::backup-esprinting\"},\"object\":{\"key\":\"dbs/Daily_2025-12-10_1747/Databases/ESPrinting.fmp12\",\"size\":42082304,\"eTag\":\"223f54d3fa7f2a193f0ee4bac9b249b2\",\"sequencer\":\"006939B2252C8C7163\"}}}]}", "Subject": "Amazon S3 Notification", "TopicArn": "arn:aws:sns:eu-west-2:734201894955:s3-backup-notifications", "MessageId": "96ebb6d8-11c6-5cee-af4b-d76ba5a0d9ed", "Signature": "BoEbIOl0eJCkMjibq8UUEdwcdgQ82Wi3+z4sAoH1+QGql5yADEGIa8kfmbxbItjt5gHKrWGYryLtmANAYlorRl9kk27dvXax5HCJUHeVma9y7Hfr1AzVvGrBjE+ml69hndTsQuR+WI4tWUpzuy9ZeEvityunBPsMJ2xhoYMi13alF+WUbbJdKLU/W7zOmlL2bBQM3ngD07YavN+HnjuUkOtDca9/44VbSDNu/kiI593X4fLkLu/s20eQAaSP6c1yklfiC2akRE4dR5YiWBilcJeu4DMrzi5IRo/BU5Q2+OXbrumFNhnPttC/V9kiLm5446+qpOyBsWhqTJCsdcaFCQ==", "Timestamp": "2025-12-10T17:47:18.474Z", "SigningCertURL": "https://sns.eu-west-2.amazonaws.com/SimpleNotificationService-6209c161c6221fdf56ec1eb5c821d112.pem", "UnsubscribeURL": "https://sns.eu-west-2.amazonaws.com/?Action=Unsubscribe&SubscriptionArn=arn:aws:sns:eu-west-2:734201894955:s3-backup-notifications:d6b886a7-1f09-4c01-9a85-91a8c5962eb3", "SignatureVersion": "1"}', '2025-12-10 17:47:18.855035+00', NULL, NULL, NULL, 'backup added', 'ESPrinting.fmp12', 'dbs/Daily_2025-12-10_1747/Databases/ESPrinting.fmp12', NULL, false),
	('6804bf2e-62df-4411-ae92-eaba9da71873', 'f45b3d00-d4ed-434d-8194-8a6fb6c677bc', 'backup_added', 'aws_s3', 'success', 'backup added: backup.config', '{"Type": "Notification", "Message": "{\"Records\":[{\"eventVersion\":\"2.1\",\"eventSource\":\"aws:s3\",\"awsRegion\":\"eu-west-2\",\"eventTime\":\"2025-12-10T17:47:17.124Z\",\"eventName\":\"ObjectCreated:Put\",\"userIdentity\":{\"principalId\":\"AWS:AIDA2V4OX3AVVUZ5CDMJK\"},\"requestParameters\":{\"sourceIPAddress\":\"66.245.192.185\"},\"responseElements\":{\"x-amz-request-id\":\"YQKNADX8HP19H1RD\",\"x-amz-id-2\":\"GXYrp1TKs3B8KMq8OBQ1gfAYe6kTvK8YGuMq9mm9jEJfIIpQmn/3YTFOIMbjO2nlf1VIo1o+DflW/6wmL1zYPE6CvUdERPM0HpU5IelI9mw=\"},\"s3\":{\"s3SchemaVersion\":\"1.0\",\"configurationId\":\"backup_added\",\"bucket\":{\"name\":\"backup-esprinting\",\"ownerIdentity\":{\"principalId\":\"A50UXABTCMMNK\"},\"arn\":\"arn:aws:s3:::backup-esprinting\"},\"object\":{\"key\":\"dbs/Daily_2025-12-10_1747/backup.config\",\"size\":100,\"eTag\":\"24ea2f94a25b081d321cab97ca04e89c\",\"sequencer\":\"006939B2251B651DFA\"}}}]}", "Subject": "Amazon S3 Notification", "TopicArn": "arn:aws:sns:eu-west-2:734201894955:s3-backup-notifications", "MessageId": "1a35ab10-becd-5892-aa01-caa30aa8fcea", "Signature": "EbXshGweUm63J4UyXqWehO7S8QQCxoOTmLQseQRdLM/1AhNb7f74xe+BHB4TN1+yu/kUIQV656ki/IVrY33EwtGvGeLjB8pBU9nV7o5sdyzdlgbfbvafxATOTT+mPCSFcrQGDdjIAyeINe6bQN55U338LqWMSWqlIVEesQK494TEwJx6jNAFsvaeEyLtnmX5MUpg454n+1ZDT0Gcoe6TY9swsgYUKZcwWc8CNFO44fqttSIKGigCWw6BJ3ZL0thMIFJp/BhqIRLrMyK9koanNTEHZrEc/Oqt+MMbRFCbAm3z9vt3RSij5VxOPESV49ZqROm1fAStfEc+aGHA5rzLoQ==", "Timestamp": "2025-12-10T17:47:17.868Z", "SigningCertURL": "https://sns.eu-west-2.amazonaws.com/SimpleNotificationService-6209c161c6221fdf56ec1eb5c821d112.pem", "UnsubscribeURL": "https://sns.eu-west-2.amazonaws.com/?Action=Unsubscribe&SubscriptionArn=arn:aws:sns:eu-west-2:734201894955:s3-backup-notifications:d6b886a7-1f09-4c01-9a85-91a8c5962eb3", "SignatureVersion": "1"}', '2025-12-10 17:47:18.904996+00', NULL, NULL, NULL, 'backup added', 'backup.config', 'dbs/Daily_2025-12-10_1747/backup.config', NULL, false),
	('55bcb906-3057-41a5-9d4a-18c240e3952c', 'd0c4a153-18c5-4705-8996-1dfa37413183', 's3_restore', 'aws_s3', 'unknown', 'Operation: unknown', '{"Type": "Notification", "Message": "{\"Service\":\"Amazon S3\",\"Event\":\"s3:TestEvent\",\"Time\":\"2025-12-10T18:37:48.874Z\",\"Bucket\":\"backup-basc-qlik\",\"RequestId\":\"R1DGDGZ2TWJPJWVC\",\"HostId\":\"KRniAH8J/JOukIcFI+YE4IixHd9ZzZa+qFRc34anb/edGRzceOAww+98BxVk96cP5Q1Bw3Ejfvuzijn6gPFQ/xqpQLoAkSOg\"}", "Subject": "Amazon S3 Notification", "TopicArn": "arn:aws:sns:eu-west-2:734201894955:s3-backup-notifications", "MessageId": "95528c1f-5bc4-5016-ba69-edac9bf8f08e", "Signature": "delnZy+vH59fLcPb14EX1Z5o+ySMF3GppnTNrIydvEK68ni+nySVbQ8uER+p8yqqNc36ggi81yEHqFyf3eHiom5NAIJJh37o+OzbndUaTuQ94k1V3AiXSnjY40Oe2vpOop6KfFIxJ51KIH2t2ulDWSvSGW/S+/oPMB9Y22WJVQ7r+cFFoSJ100tPZ/NuFSQiQ+F4fvXmQDQL5KNA3toXpTNOz6azRMt6Ss+g3omgvPCmmk16nwUxP9Hvfe9wv8fHP7VQTiNAdcUD+PA/8xuiPVRA67BDjH4SPFAqj34RHZeu8O0Xk6b+PkysuUW0DBSOPAC77l0CyPiC4n4ejEyylA==", "Timestamp": "2025-12-10T18:37:48.913Z", "SigningCertURL": "https://sns.eu-west-2.amazonaws.com/SimpleNotificationService-6209c161c6221fdf56ec1eb5c821d112.pem", "UnsubscribeURL": "https://sns.eu-west-2.amazonaws.com/?Action=Unsubscribe&SubscriptionArn=arn:aws:sns:eu-west-2:734201894955:s3-backup-notifications:d6b886a7-1f09-4c01-9a85-91a8c5962eb3", "SignatureVersion": "1"}', '2025-12-10 18:37:50.893329+00', NULL, NULL, NULL, NULL, NULL, NULL, NULL, false),
	('082a7f62-8530-4bf5-b59a-f4b84043004d', 'd0c4a153-18c5-4705-8996-1dfa37413183', 's3_restore', 'aws_s3', 'unknown', 'Operation: unknown', '{"Type": "Notification", "Message": "{\"Service\":\"Amazon S3\",\"Event\":\"s3:TestEvent\",\"Time\":\"2025-12-10T18:38:45.130Z\",\"Bucket\":\"backup-bpa-basegb\",\"RequestId\":\"42VP3C8K2P5FS4QP\",\"HostId\":\"Mi4vMAZfXjDSq2xeuu1yjaMxTWRGAyCmHrsgxA6Zs79R4UnvH4JdCRSvvFnZ0I9HVZTgUpUDKi2zM0YiCLYeWBzgfhiAZeVP\"}", "Subject": "Amazon S3 Notification", "TopicArn": "arn:aws:sns:eu-west-2:734201894955:s3-backup-notifications", "MessageId": "31d18b99-2177-5438-a855-ea2ae1028386", "Signature": "sxBnWTxDuzu/rQk7UDrYhMqQExN063OV7UN38nyrxM6pykC1NgKbAJQO7L133RDvZd79gsgHf3us6Gh/nItzvlrj0jt6Ix27TrW7vrJIMb+hdk1bGuOsPtmelWyBtDAF4kFfqjzxQVwDGUDhzCkYu2ZzAJ1j9mI9MxeEdgt6C2WtfV7ZJu5XHDA/YWyMXiUnoGuMz7j15/WMDu9oBm9bzTkNrwmHooBX+l9LVG/0rmwlBpgUK83p1x4nQRFGQfhLUYT1KXpRPQfl+4K2BfzqirHgUseaXNGXl0JJDqVAoohw3nvmQ2VMdyumb8+jYRv1XDMTZriK6+3boI/c/xTr0Q==", "Timestamp": "2025-12-10T18:38:45.154Z", "SigningCertURL": "https://sns.eu-west-2.amazonaws.com/SimpleNotificationService-6209c161c6221fdf56ec1eb5c821d112.pem", "UnsubscribeURL": "https://sns.eu-west-2.amazonaws.com/?Action=Unsubscribe&SubscriptionArn=arn:aws:sns:eu-west-2:734201894955:s3-backup-notifications:d6b886a7-1f09-4c01-9a85-91a8c5962eb3", "SignatureVersion": "1"}', '2025-12-10 18:38:46.227565+00', NULL, NULL, NULL, NULL, NULL, NULL, NULL, false),
	('1fb33e11-1ac1-463f-9137-e1ba5a07ea80', 'd0c4a153-18c5-4705-8996-1dfa37413183', 's3_restore', 'aws_s3', 'unknown', 'Operation: unknown', '{"Type": "Notification", "Message": "{\"Service\":\"Amazon S3\",\"Event\":\"s3:TestEvent\",\"Time\":\"2025-12-10T18:39:15.341Z\",\"Bucket\":\"backup-cmp\",\"RequestId\":\"HS34A25X69BP4MD3\",\"HostId\":\"19kpJVsj/FWaet86dcycIk5HALFh6laPa86oTyDpdmreEoaBDL40FQk5V7Izq3baA91jMSF/CIY=\"}", "Subject": "Amazon S3 Notification", "TopicArn": "arn:aws:sns:eu-west-2:734201894955:s3-backup-notifications", "MessageId": "f6a9f4a1-9442-578e-a1d8-951254d168e7", "Signature": "BoeEcNUTjNaNoBrzuZ/HGwmbF2x9jYh92iBzzpXvnuVGqYzHK38XpbZCIUsPs01JEeG4DDzrz3VGcfWAvTOAEfcbVkfv7Ocdr9jDrdN7lEcISVzbFuYe/pazVgT8WB+1N+cvMKb4qQRR2/vBmrVMMwwTNPTT63ckluSBF7oagpSsw5jqwxtNdA3bi7uPMkVvID0sl2xe1eplPpE/kAm69UAMZ3D7ZPukuqk3h44H+4jtMBNxU83eDnDfIDB5nzSKlAwZFouAhxxHcF+VH6caILW3kNu2GN8ZTU5VMq6mFMFJhuCsijhXg01fWcCx18yNaZoun345VkoPwUGyAm4Gpg==", "Timestamp": "2025-12-10T18:39:15.368Z", "SigningCertURL": "https://sns.eu-west-2.amazonaws.com/SimpleNotificationService-6209c161c6221fdf56ec1eb5c821d112.pem", "UnsubscribeURL": "https://sns.eu-west-2.amazonaws.com/?Action=Unsubscribe&SubscriptionArn=arn:aws:sns:eu-west-2:734201894955:s3-backup-notifications:d6b886a7-1f09-4c01-9a85-91a8c5962eb3", "SignatureVersion": "1"}', '2025-12-10 18:39:16.624791+00', NULL, NULL, NULL, NULL, NULL, NULL, NULL, false),
	('d053378d-930d-4f3d-bc86-596656cd8f9b', 'd0c4a153-18c5-4705-8996-1dfa37413183', 's3_restore', 'aws_s3', 'unknown', 'Operation: unknown', '{"Type": "Notification", "Message": "{\"Service\":\"Amazon S3\",\"Event\":\"s3:TestEvent\",\"Time\":\"2025-12-10T18:40:34.246Z\",\"Bucket\":\"backup-fduk\",\"RequestId\":\"GD0VJ3HGKN3NY1DV\",\"HostId\":\"F8cbI+cyOb3Dnfu/zbERT3ZUpk5NlU/FfkzyT6rEoMiigANYPIXISynr2XJfia/GwhtdaDuvDY69LGRYecFCKPHIv2Mh1hJZ\"}", "Subject": "Amazon S3 Notification", "TopicArn": "arn:aws:sns:eu-west-2:734201894955:s3-backup-notifications", "MessageId": "ddb757f0-8464-55d9-90a8-364344869804", "Signature": "iWrTtH5LKzBi2QvvGe1OuWvQ+Dm4p2DXU9x42tlJxsUHOjIS+E2J63dptd4GRqGEh+3/uzOxmF9ROJ8q//+opkCb+tNWSxFz0EcQokaYFQF1KVfEjtFgT5jrLDqymMt0BkbfdlDNC60uoPD9DVyUNi1gh8t9JO/nvk7LEYqfIODQvdsrQ0PomDoGCeb6XpDH4IbKcrvD/sUGqjOkfwuHjlq/R2eIO4408J1YJLLP0HAb1/qr5OeQIs7J8BPbTceudw6gpfNaMvlP7TYDItuUgzwniPZ0OYXy3YDXvSMpcXLsylVMs/a7Fb9UvkUICuJ2/eGHIJnXobYAAaQj4KDdqw==", "Timestamp": "2025-12-10T18:40:34.277Z", "SigningCertURL": "https://sns.eu-west-2.amazonaws.com/SimpleNotificationService-6209c161c6221fdf56ec1eb5c821d112.pem", "UnsubscribeURL": "https://sns.eu-west-2.amazonaws.com/?Action=Unsubscribe&SubscriptionArn=arn:aws:sns:eu-west-2:734201894955:s3-backup-notifications:d6b886a7-1f09-4c01-9a85-91a8c5962eb3", "SignatureVersion": "1"}', '2025-12-10 18:40:34.957638+00', NULL, NULL, NULL, NULL, NULL, NULL, NULL, false),
	('53fa533b-ee3a-421a-a761-faf2b1e888ed', 'd0c4a153-18c5-4705-8996-1dfa37413183', 's3_restore', 'aws_s3', 'unknown', 'Operation: unknown', '{"Type": "Notification", "Message": "{\"Service\":\"Amazon S3\",\"Event\":\"s3:TestEvent\",\"Time\":\"2025-12-10T18:52:17.656Z\",\"Bucket\":\"backup-assa\",\"RequestId\":\"NCW4GS2WXAM8DQ49\",\"HostId\":\"+2W+JJaK1JP52WMEoaZI192gayjF2gdo3lZVPRB5iQuvy3ZeUIz57QRGgxgWxZg7u3aMPoYwXdQ=\"}", "Subject": "Amazon S3 Notification", "TopicArn": "arn:aws:sns:eu-west-2:734201894955:s3-backup-notifications", "MessageId": "955466c7-3cde-5005-b6d3-0774ff7f5e58", "Signature": "Il/szITamcpEDz2d+KCKY0X5LLQ71wLVWKaAVlXgz6gMjoZK8HY8XO46qd8O16Hd7+O0ProTITLNaH3dDx6QwIDeRx+K9HBI0tKZ4qfZhzGtZ+tHkKIr5HPmS+OLiAJz+gddihSCPU608F6AU4ubydxBWV/Iy8T02n9qjH7LSa8a/VQV2+lnjGGpsq17qvU7AuUBZUGqY17JXmjDic2M7oj8g0VHAUJp9jPmT8/8TMx5Cao3tDHYdzHHbRHkIn9w58tM2HR6U59GStwXEkJ5Q69dKElf2+pOqAzP/2AwiiaxsCYrsfJZjk98uyc6/Pe3NVl4x242FDPBjIN64FUu6w==", "Timestamp": "2025-12-10T18:52:17.698Z", "SigningCertURL": "https://sns.eu-west-2.amazonaws.com/SimpleNotificationService-6209c161c6221fdf56ec1eb5c821d112.pem", "UnsubscribeURL": "https://sns.eu-west-2.amazonaws.com/?Action=Unsubscribe&SubscriptionArn=arn:aws:sns:eu-west-2:734201894955:s3-backup-notifications:d6b886a7-1f09-4c01-9a85-91a8c5962eb3", "SignatureVersion": "1"}', '2025-12-10 18:52:19.393086+00', NULL, NULL, NULL, NULL, NULL, NULL, NULL, false),
	('f7d25bad-8326-416e-81b8-1a6a82a0a308', 'd0c4a153-18c5-4705-8996-1dfa37413183', 's3_restore', 'aws_s3', 'unknown', 'Operation: unknown', '{"Type": "Notification", "Message": "{\"Service\":\"Amazon S3\",\"Event\":\"s3:TestEvent\",\"Time\":\"2025-12-10T18:52:18.758Z\",\"Bucket\":\"backup-basc-qlik\",\"RequestId\":\"GQMNFAQVW22BV08B\",\"HostId\":\"VXkCVVutab3XJyp/7rPsfAKWB7FOlq/H56FOAkpAMX8+jJbJyJeDFqoq3ZMs6jhwBNqoQiGvHOwd4ylqozO+WtexkjGHD8+m\"}", "Subject": "Amazon S3 Notification", "TopicArn": "arn:aws:sns:eu-west-2:734201894955:s3-backup-notifications", "MessageId": "26f4547b-9573-5e16-a75d-35c856d1478b", "Signature": "Ve6le5m9coQ8raCjvlkD11A7PHd9atqBXcrNzDFGRAl245xdTbekmVdsyYR9yj2Ry//vwoyOwSF5D4iYSH//gVjmklKCWs79I6MOmhkpvu6oCpVLz5LCPakPDqYVbn+dQ+0rC149Vl8Q13Tmme9lHLfWPvORRmBDzNJZ8+dFKXL3l6KY/tC1OZ9Elh04q7OHGz9Hsv+qL79xiO+HzMzmN4cDnmg7sd1yM8h26Tt1xkwiRa8inWn1zpzgv6h+OMLGHNtUrXvybNUz1yWZRpRWPd1ODe4KKTEzERvxf6zws2y+/+OaHCyAYLVo4rQDDTUQBpkJexsV25IL1nIkTt799A==", "Timestamp": "2025-12-10T18:52:18.785Z", "SigningCertURL": "https://sns.eu-west-2.amazonaws.com/SimpleNotificationService-6209c161c6221fdf56ec1eb5c821d112.pem", "UnsubscribeURL": "https://sns.eu-west-2.amazonaws.com/?Action=Unsubscribe&SubscriptionArn=arn:aws:sns:eu-west-2:734201894955:s3-backup-notifications:d6b886a7-1f09-4c01-9a85-91a8c5962eb3", "SignatureVersion": "1"}', '2025-12-10 18:52:19.590203+00', NULL, NULL, NULL, NULL, NULL, NULL, NULL, false),
	('d6e765b9-977f-4b61-90a3-c301e894618e', 'd0c4a153-18c5-4705-8996-1dfa37413183', 's3_restore', 'aws_s3', 'unknown', 'Operation: unknown', '{"Type": "Notification", "Message": "{\"Service\":\"Amazon S3\",\"Event\":\"s3:TestEvent\",\"Time\":\"2025-12-10T18:52:19.828Z\",\"Bucket\":\"backup-bpa-basegb\",\"RequestId\":\"ZXPF3K9V49BRQ5T9\",\"HostId\":\"WJA/3guA33Tg2RboapWQidk7+qD2lBY0aiPg8FkOHV9h7IYKbFaWNeRD4uyukg0b+90RKm+j7sdZmfDiPak6y5XZsZt0ZARi\"}", "Subject": "Amazon S3 Notification", "TopicArn": "arn:aws:sns:eu-west-2:734201894955:s3-backup-notifications", "MessageId": "559b7029-d888-513d-9847-119a1b2baec7", "Signature": "crlhDjc/cqiMjB9+DsgBzD/xXBheTzFcXQpliVviDWD9qf9Q8yjeiSwAPB/VAqrmL1HSSQ7uJU+bQTA1JMkds7WCm8aat8BfL6ofk8oKj5W5qT1CxwnFz/UB8DwaNw+RtQ+h1NGyW7TWFB0xhohsOcruvdWUZQyd7Me72QZ6DgELVbt+foDfPoW+N6+tdeSTc5zMprOya8ePQhY10H4VLbkv1R9jusAMK/74EADTJNyMZNrF9y1m1WDoDYaU/CdW7smO593iLEHueyoH1PET5XMn+p8w3KGJwMonQEahVSUSj93/xakR5z0rRe8SLk7aKAdz/AaIINBp9OmOL3hIXg==", "Timestamp": "2025-12-10T18:52:19.852Z", "SigningCertURL": "https://sns.eu-west-2.amazonaws.com/SimpleNotificationService-6209c161c6221fdf56ec1eb5c821d112.pem", "UnsubscribeURL": "https://sns.eu-west-2.amazonaws.com/?Action=Unsubscribe&SubscriptionArn=arn:aws:sns:eu-west-2:734201894955:s3-backup-notifications:d6b886a7-1f09-4c01-9a85-91a8c5962eb3", "SignatureVersion": "1"}', '2025-12-10 18:52:20.294579+00', NULL, NULL, NULL, NULL, NULL, NULL, NULL, false),
	('80b5a8ad-f9ed-4d4c-a540-220b16406acb', 'd0c4a153-18c5-4705-8996-1dfa37413183', 's3_restore', 'aws_s3', 'unknown', 'Operation: unknown', '{"Type": "Notification", "Message": "{\"Service\":\"Amazon S3\",\"Event\":\"s3:TestEvent\",\"Time\":\"2025-12-10T18:52:20.953Z\",\"Bucket\":\"backup-cmp\",\"RequestId\":\"A78P4R967P2M2X0Y\",\"HostId\":\"ZlWyzBsBs6w821h+RjtIbw6qLtqNlwaR/5HpEyABwFGv8MRos70rbewdDN0fOt03exis8o/aN30=\"}", "Subject": "Amazon S3 Notification", "TopicArn": "arn:aws:sns:eu-west-2:734201894955:s3-backup-notifications", "MessageId": "268d3a2a-545c-5f33-9f96-5b9997f8f60c", "Signature": "VZtddXQ3B++YYBvKiyeYSWM79hmGwhvHYE/xcXlrMdgdsDAMtiTXkC625QDwtZw+3oZfD9xP+hgF9D1MTJA9DVkRyAEbVtE5QtiBGN0pR33U8QqmPrmNvvESdsnuzjJMtiC9u93Merg8pp2X07ezZYTH/RbPNCyt299hBFMFq+tdpaW4GgFROjgtg5Wncvw3ZFsGEtZRksRhn7FBrx0MofLzXgD3xDZ0RjVHpskfPjpK5X6YO9G/qqAU2ncBeKwoNbrCz5//c1jfJrrXjXGCj6VXchSe8uD3omiNQt5zH6W6zrz+ht6+mZURadaYkIQl1rhUk7kRgMhHVSD+KBd9qg==", "Timestamp": "2025-12-10T18:52:20.979Z", "SigningCertURL": "https://sns.eu-west-2.amazonaws.com/SimpleNotificationService-6209c161c6221fdf56ec1eb5c821d112.pem", "UnsubscribeURL": "https://sns.eu-west-2.amazonaws.com/?Action=Unsubscribe&SubscriptionArn=arn:aws:sns:eu-west-2:734201894955:s3-backup-notifications:d6b886a7-1f09-4c01-9a85-91a8c5962eb3", "SignatureVersion": "1"}', '2025-12-10 18:52:21.399335+00', NULL, NULL, NULL, NULL, NULL, NULL, NULL, false),
	('913d53cd-c05f-4e4c-8be6-41a633485c90', 'd0c4a153-18c5-4705-8996-1dfa37413183', 's3_restore', 'aws_s3', 'unknown', 'Operation: unknown', '{"Type": "Notification", "Message": "{\"Service\":\"Amazon S3\",\"Event\":\"s3:TestEvent\",\"Time\":\"2025-12-10T18:52:22.048Z\",\"Bucket\":\"backup-esprinting\",\"RequestId\":\"AR90NP72CKET7FSW\",\"HostId\":\"meZUTICoF8FnH+n1PHWmVZUQ86iPNnKy5Yk5pewtdeV4xClcOEdj/9hN/Xcm65o9zB8OdXLQIv7YAN+JLubZlamOzvlc8HZ5\"}", "Subject": "Amazon S3 Notification", "TopicArn": "arn:aws:sns:eu-west-2:734201894955:s3-backup-notifications", "MessageId": "a6abb800-1eb2-5382-a913-d9b3dd14123f", "Signature": "mEEEn7ZyWcXbNk5KEAmHLuW9q1vmtUj2t0EVdj13cxkw6cjddXV0eJRNQuQTfYdOl640mfcyBE1mgDrSlQM4S0DapAUzFwNq7nfCtpTvY9KBu1R7dfqlj6ECTIFcDBi3IdeJ6/IIrdea5bb9YH4aNYAGVLBoeWM0kQsjtMSudP81fhBJkol5I2K69wRCLRKaKN6by7nKnjl5DZRIRzeMCfyYLwq+MolGyZg+PnYEaTwQXLuSvIRoZx392CN8zaPBz1mAXwtdSBQciN092TjV0KuVw4JXlYhKKybXSJ982oXg3SfUFP6RSSRQFslGI6tGN0Bte3h+7tTI22imLCJo7Q==", "Timestamp": "2025-12-10T18:52:22.073Z", "SigningCertURL": "https://sns.eu-west-2.amazonaws.com/SimpleNotificationService-6209c161c6221fdf56ec1eb5c821d112.pem", "UnsubscribeURL": "https://sns.eu-west-2.amazonaws.com/?Action=Unsubscribe&SubscriptionArn=arn:aws:sns:eu-west-2:734201894955:s3-backup-notifications:d6b886a7-1f09-4c01-9a85-91a8c5962eb3", "SignatureVersion": "1"}', '2025-12-10 18:52:22.478904+00', NULL, NULL, NULL, NULL, NULL, NULL, NULL, false),
	('5ccd32e2-73c1-4bb3-bd04-6feaa5832e89', 'd0c4a153-18c5-4705-8996-1dfa37413183', 's3_restore', 'aws_s3', 'unknown', 'Operation: unknown', '{"Type": "Notification", "Message": "{\"Service\":\"Amazon S3\",\"Event\":\"s3:TestEvent\",\"Time\":\"2025-12-10T18:52:23.134Z\",\"Bucket\":\"backup-excell\",\"RequestId\":\"50HVC6DV41KYXPX5\",\"HostId\":\"ZdcezfKQTETmLqImlNviBpmA3TTtWxleutL+KxQfdIg2ugErYTx0LUxxRNZjkvj0wyeynCKzi9Hpym0UaC2XtauSlrr32DpB\"}", "Subject": "Amazon S3 Notification", "TopicArn": "arn:aws:sns:eu-west-2:734201894955:s3-backup-notifications", "MessageId": "eda456e1-7a53-5c88-826a-3752b9f45cef", "Signature": "cwIYznaUDlgV7gJZ8UqI5EsqeuWLOWW52tbpUGwxUIyIEEkZWwyE76S12+ccOP5UNTZ2GfjbltPCJuG+/2xszSDmIA480QOqstyRnJ2jr71sWMIoXk9OPTgpRf0YNehB0NHaCmSv3UDnROj3etWk//hcrCevnFqjJMCtyiksrUBSRXJMFPtLDNGLRcEMsp2oJFkryi9OtQm3U/ngPh+XZDIOipMcZU3+8Rhvu5Vxgs5y06vD7L7hFHXLognTA+l0q0uokhRKAsoHAKnnn8/DPvgHeCu0/JbOS4nwR7OtZeliFoVg3nPHz3ITfVLRMVqq3Du4jRlRLJHVeHVZllhF4Q==", "Timestamp": "2025-12-10T18:52:23.158Z", "SigningCertURL": "https://sns.eu-west-2.amazonaws.com/SimpleNotificationService-6209c161c6221fdf56ec1eb5c821d112.pem", "UnsubscribeURL": "https://sns.eu-west-2.amazonaws.com/?Action=Unsubscribe&SubscriptionArn=arn:aws:sns:eu-west-2:734201894955:s3-backup-notifications:d6b886a7-1f09-4c01-9a85-91a8c5962eb3", "SignatureVersion": "1"}', '2025-12-10 18:52:23.551674+00', NULL, NULL, NULL, NULL, NULL, NULL, NULL, false),
	('69f755cf-c76d-46e7-a3a1-273abba1d42c', 'd0c4a153-18c5-4705-8996-1dfa37413183', 's3_restore', 'aws_s3', 'unknown', 'Operation: unknown', '{"Type": "Notification", "Message": "{\"Service\":\"Amazon S3\",\"Event\":\"s3:TestEvent\",\"Time\":\"2025-12-10T18:52:25.302Z\",\"Bucket\":\"backup-feburman\",\"RequestId\":\"SEBN6NRKJFJJ6AZC\",\"HostId\":\"aCZD9IqexAwHiSpPAkfnxxyQ5jJbYJhx59keobpQjzFDa4MqpHSjA+q6qhGBkyA8XuvUxZydYg8=\"}", "Subject": "Amazon S3 Notification", "TopicArn": "arn:aws:sns:eu-west-2:734201894955:s3-backup-notifications", "MessageId": "c7b0502f-9009-5692-ac7e-319c53a06b8d", "Signature": "ocUH0I3AeMo0hj9eKXLAbCyWA8wUQnYC7Xpls7LZ0DBKJ2Azz76d8XsjIv4iP4LDxokiNeXZ/rITYSMXDRGiJPyczrCPCPbtLWepZ0iP0dniCQ8FwUl8WFFq32KgA1joEi9M/T9LMhpLfs0I8EAaKGZfG72vTWdDdwhCBajBn6sjKy+jwn9IJ0SKtx0Me2XH61Scjpv8ve7bZPAcOKrnxywyTbhbcrCED2DQmO9mdSrcKQ/uDp+ZnTny7bojuklGwD8ytnJYbKK+rhwkaYso1epM4Y4+xsnV6A6G/r6fEJ/xoubTnmYpeqDflbQJqJVrrFvxJY+NC+Fx8qwH4wv1GQ==", "Timestamp": "2025-12-10T18:52:25.320Z", "SigningCertURL": "https://sns.eu-west-2.amazonaws.com/SimpleNotificationService-6209c161c6221fdf56ec1eb5c821d112.pem", "UnsubscribeURL": "https://sns.eu-west-2.amazonaws.com/?Action=Unsubscribe&SubscriptionArn=arn:aws:sns:eu-west-2:734201894955:s3-backup-notifications:d6b886a7-1f09-4c01-9a85-91a8c5962eb3", "SignatureVersion": "1"}', '2025-12-10 18:52:25.721329+00', NULL, NULL, NULL, NULL, NULL, NULL, NULL, false),
	('ff0eb238-9f81-416c-90d5-d521d4033c44', 'd0c4a153-18c5-4705-8996-1dfa37413183', 's3_restore', 'aws_s3', 'unknown', 'Operation: unknown', '{"Type": "Notification", "Message": "{\"Service\":\"Amazon S3\",\"Event\":\"s3:TestEvent\",\"Time\":\"2025-12-10T18:52:27.627Z\",\"Bucket\":\"backup-ghf\",\"RequestId\":\"PHVV9Z635XRZBWBT\",\"HostId\":\"NmnJSlquqgYqVrRtg8fManMjz/+hV2U1SbVSxeeodzVO2yoMUaWINGsE/fDBCPXeVcAMSYgxMgg=\"}", "Subject": "Amazon S3 Notification", "TopicArn": "arn:aws:sns:eu-west-2:734201894955:s3-backup-notifications", "MessageId": "64ffa716-43a7-5c1b-b9fc-c6a5800cb586", "Signature": "K55G8ix8tdr1tI9miLWmUyQwh4URfPy2HJq4J1OKEYv064CWxLtdWuyLVIkKuxMMRyUA+xDmJS4xZRlSr7+xdHziEizRXLAJuzbs5FcRfllu4/ulHKdjjcZlBYYD6bO+dmaIx7zKCjLNkPBoHGYKqkFz1X/1qV8mV7rsqflAZ7rfo6Q/zIiyv0Gb8lVJu7ojXTFZxZwWCG9T1RdkUJHlMy69cavn08HjfLaJN3C8gkLInHAAjZ9k0jiVQvL7WoNcxgGQoznUF2xcZLH4pkua224hqoFHUVqdZoYad82ItsgkTu74/Qiaa3F1TPcS/re2b3BbcUVmHCKC/3+Dz55uyw==", "Timestamp": "2025-12-10T18:52:27.643Z", "SigningCertURL": "https://sns.eu-west-2.amazonaws.com/SimpleNotificationService-6209c161c6221fdf56ec1eb5c821d112.pem", "UnsubscribeURL": "https://sns.eu-west-2.amazonaws.com/?Action=Unsubscribe&SubscriptionArn=arn:aws:sns:eu-west-2:734201894955:s3-backup-notifications:d6b886a7-1f09-4c01-9a85-91a8c5962eb3", "SignatureVersion": "1"}', '2025-12-10 18:52:28.040581+00', NULL, NULL, NULL, NULL, NULL, NULL, NULL, false),
	('24fbabf7-6fc3-4bfe-ab23-af870853e15a', 'd0c4a153-18c5-4705-8996-1dfa37413183', 's3_restore', 'aws_s3', 'unknown', 'Operation: unknown', '{"Type": "Notification", "Message": "{\"Service\":\"Amazon S3\",\"Event\":\"s3:TestEvent\",\"Time\":\"2025-12-10T18:52:29.771Z\",\"Bucket\":\"backup-midton\",\"RequestId\":\"S3WGMR0KNG7WAP9A\",\"HostId\":\"I/mzqDpwA7VQ344E5lN/39v0IVGWqXdw/WuVFWZT07BHl5tYBn1rNif6ixKRq4VR2QWfg0dqxI8=\"}", "Subject": "Amazon S3 Notification", "TopicArn": "arn:aws:sns:eu-west-2:734201894955:s3-backup-notifications", "MessageId": "af0cf038-7405-5988-841a-918bb7a84ce9", "Signature": "q3EGOH5F5o0kJcVeLHVJGRhEhBwnvCkUJaMJQ5QBT0gd3mHRHrX6BAMDhwRYsftadL6UzcqNMSvWeQWU9iNxTcdsMMBSvS9wQe6fROVkrOEnD+/BWhDy0Iwo2afmIgOLEHT+5xK7ObcNKZEYd5R6+V80TxjCoL+pFzYEuCwIjyw4qNAlaH1VLoSo237bAJqnyfq9tnpuLhqroIWcxBEooMMmfbeEQncv1QVD/3LoqBERbrU4bYZxPX6mXDKVMhrbxOxuxaKeWwZp5uZc/lys8lHzg5bj96rsi76XrKo68FUYm8+pu5A18zbf2vuplObRD8sKc0dSig4SufXeguxwnQ==", "Timestamp": "2025-12-10T18:52:29.798Z", "SigningCertURL": "https://sns.eu-west-2.amazonaws.com/SimpleNotificationService-6209c161c6221fdf56ec1eb5c821d112.pem", "UnsubscribeURL": "https://sns.eu-west-2.amazonaws.com/?Action=Unsubscribe&SubscriptionArn=arn:aws:sns:eu-west-2:734201894955:s3-backup-notifications:d6b886a7-1f09-4c01-9a85-91a8c5962eb3", "SignatureVersion": "1"}', '2025-12-10 18:52:30.151238+00', NULL, NULL, NULL, NULL, NULL, NULL, NULL, false),
	('a6abc1e0-8128-412c-87b3-79946e46b777', 'd0c4a153-18c5-4705-8996-1dfa37413183', 's3_restore', 'aws_s3', 'unknown', 'Operation: unknown', '{"Type": "Notification", "Message": "{\"Service\":\"Amazon S3\",\"Event\":\"s3:TestEvent\",\"Time\":\"2025-12-10T18:52:31.974Z\",\"Bucket\":\"backup-mult\",\"RequestId\":\"5B4Z6YE2A2TXPPT8\",\"HostId\":\"Oxcj9CLhKfWOgfHMMt5QdrIVe4tSU77HuEQRFUuTG8jiOSCNI9WRhLW1lxO8u4lxIYLNorNNtak=\"}", "Subject": "Amazon S3 Notification", "TopicArn": "arn:aws:sns:eu-west-2:734201894955:s3-backup-notifications", "MessageId": "12619c20-1e43-5a51-b98b-fd93ddec31f1", "Signature": "eKlPNoibkAU8RqCKOEEyIce/lCeECt9otrAKmP4vV2QkURXLX1S2kXjPn+UEpSWAl1pRq5dl7M3AHryGnVFHuVRNwaOFHoX+4NAIAE2lyk+S30af3s8OOPZu1VPtvNU9SDcCF9zTdagvIxCxecjY+326xbph0X7C/WTw6WUkpZp7HOSBD8DwDcWY8kmTaJtcKfOIkYWqXkBHj5Vlh/TSgu/hW8UenvS32ALIyswobWQscIF640Z0nLwp5zuTPOaaU/tqqormwhc8zfiQb4vUMkq3JIRUNArgou9LEnDVjR7P+mrER+3sUoAhd2c2kv5Js2wDlXHWXFDg7+iRkN6gBw==", "Timestamp": "2025-12-10T18:52:31.999Z", "SigningCertURL": "https://sns.eu-west-2.amazonaws.com/SimpleNotificationService-6209c161c6221fdf56ec1eb5c821d112.pem", "UnsubscribeURL": "https://sns.eu-west-2.amazonaws.com/?Action=Unsubscribe&SubscriptionArn=arn:aws:sns:eu-west-2:734201894955:s3-backup-notifications:d6b886a7-1f09-4c01-9a85-91a8c5962eb3", "SignatureVersion": "1"}', '2025-12-10 18:52:32.345184+00', NULL, NULL, NULL, NULL, NULL, NULL, NULL, false),
	('bdcbdf59-2afc-4512-a77a-15c22f918818', 'd0c4a153-18c5-4705-8996-1dfa37413183', 's3_restore', 'aws_s3', 'unknown', 'Operation: unknown', '{"Type": "Notification", "Message": "{\"Service\":\"Amazon S3\",\"Event\":\"s3:TestEvent\",\"Time\":\"2025-12-10T18:52:34.153Z\",\"Bucket\":\"backup-neptune-dev\",\"RequestId\":\"2V9405XRKMPCEPH3\",\"HostId\":\"sfYfygcOtv7bNs8FM1IfhE36s4YTfZfTFQFt6A1GKKn/xGDXrXGMIzJezBpjGAvd/0C44osgiWw=\"}", "Subject": "Amazon S3 Notification", "TopicArn": "arn:aws:sns:eu-west-2:734201894955:s3-backup-notifications", "MessageId": "10cee84b-107b-560f-804c-89f8d3c9f814", "Signature": "JFEJHWke8nIdp0NhPm+7tBdFxRfRHo5BM2fT431yeMyqfmksqSy893sNWUvC3Yfo9qRH3zrlstIbSMycs3kMDg4LGp4RGS/KWaawer41MAROGM4foq+Z6dB7AoCGwzfnqus0QgaeT83+ATR4XQ4rAbPMo5GZ2zVw/M/HasT2N4yy38kHH83ejZSBOM9ErDDyedPt7oeodpUiOkfI7YDb5xQSG7YDwcglSapV+iD06Gu3W6pRkHC1dvPLWLVSri5WB3NqfeLCDKaSH56FJjFEI3p8wOJNtFJrz9jSY4Afm9orM8KTb4BdEKVeTr1i9mLwTyo2CjzLe3RT/JxNqOlT2Q==", "Timestamp": "2025-12-10T18:52:34.176Z", "SigningCertURL": "https://sns.eu-west-2.amazonaws.com/SimpleNotificationService-6209c161c6221fdf56ec1eb5c821d112.pem", "UnsubscribeURL": "https://sns.eu-west-2.amazonaws.com/?Action=Unsubscribe&SubscriptionArn=arn:aws:sns:eu-west-2:734201894955:s3-backup-notifications:d6b886a7-1f09-4c01-9a85-91a8c5962eb3", "SignatureVersion": "1"}', '2025-12-10 18:52:34.526398+00', NULL, NULL, NULL, NULL, NULL, NULL, NULL, false),
	('1e0a05e9-0867-410c-8cb6-48e5e047b67a', 'd0c4a153-18c5-4705-8996-1dfa37413183', 's3_restore', 'aws_s3', 'unknown', 'Operation: unknown', '{"Type": "Notification", "Message": "{\"Service\":\"Amazon S3\",\"Event\":\"s3:TestEvent\",\"Time\":\"2025-12-10T18:52:24.216Z\",\"Bucket\":\"backup-fduk\",\"RequestId\":\"91Q7P29E8RVPGSEQ\",\"HostId\":\"+12m3CwZ7oJZVxJDeaxDG7Cx6imqUkTcSsJ8CJ1vA+8ORKVtHZUiUayv/PM0/W4NguJcxoyWUf4=\"}", "Subject": "Amazon S3 Notification", "TopicArn": "arn:aws:sns:eu-west-2:734201894955:s3-backup-notifications", "MessageId": "aacb5e5f-f7b9-5afa-8921-3fec3411d537", "Signature": "jpFfyFcicgkUmLHm7yC7Rk8QWAKt8kOTHn+MMp3y3Ecgrww4AsIyT3yAA7b+cFqFP0by5AcxpVDDJqPQbIXcQ+F4HqQcrrZnKE65j6FVZRNpbBF6D4yCbr9a6qUA20LD3Z85GyZIwJGWsGP4rygUzqObybm0eaZYPTbGHoJrDUTueMdFs0nsLjAWFSPz/9QIIYRJT5C39eOEBJNFw9tYrVBG0cx2N2g769FPf+KTGu7qj5Hf4c1ZSug4FzB5VAxATMkAFkeLY5IapwHazME8i6gTrC89brM4gZ7Y/sYWEEzBKsACrKR3AD4Mx59MqhPvqcg2Tn3d42HdnWXExm32xQ==", "Timestamp": "2025-12-10T18:52:24.245Z", "SigningCertURL": "https://sns.eu-west-2.amazonaws.com/SimpleNotificationService-6209c161c6221fdf56ec1eb5c821d112.pem", "UnsubscribeURL": "https://sns.eu-west-2.amazonaws.com/?Action=Unsubscribe&SubscriptionArn=arn:aws:sns:eu-west-2:734201894955:s3-backup-notifications:d6b886a7-1f09-4c01-9a85-91a8c5962eb3", "SignatureVersion": "1"}', '2025-12-10 18:52:24.712495+00', NULL, NULL, NULL, NULL, NULL, NULL, NULL, false),
	('90d18c7c-5003-4aef-97d0-e0aa29bd2096', 'd0c4a153-18c5-4705-8996-1dfa37413183', 's3_restore', 'aws_s3', 'unknown', 'Operation: unknown', '{"Type": "Notification", "Message": "{\"Service\":\"Amazon S3\",\"Event\":\"s3:TestEvent\",\"Time\":\"2025-12-10T18:52:26.434Z\",\"Bucket\":\"backup-gent\",\"RequestId\":\"13JG29JP6ZV7SS20\",\"HostId\":\"wAEU8Q9l4v9DFo6eLUrqWCzeUGopuJ39+LPm14xETIGq8pb9nfcvOGIiDiAMXeU2VM6Ba42iGxxag7IFokLF9LYOjVuamjOp\"}", "Subject": "Amazon S3 Notification", "TopicArn": "arn:aws:sns:eu-west-2:734201894955:s3-backup-notifications", "MessageId": "3a670d61-b81e-540c-aa93-6cd27bb411f5", "Signature": "j8XVpz/DiRGhqq4EgF9l3Nu7dSy0/mPlrU/7olWvG4VY66xV20epXtbK+0VAPRMoMEWkX9aB8H/SnwFvF+EIVRjadbKpQqtoKefqLFQRB1dFCNcElU19WIsKff3Q/iGrjCkv5SgGnUor8wYZk5UHopU45UUG5fzqGSEL7+Pa9lfYBvTu/EKq3p28R/YDtb6wGchUWTT5fUcdMqA0vBWlyDXZiq2lGpSqE6Gnn1ysDGu/nuxMXnxjGYwRFtXbZuWkGs/dePEQ5UAjCzJUNmPeTa8ch8iY0zBONlaayUbxyB6fm6Zc7iuIJNJfAZ6Sxu0hKpTD5b7TGbgowEG9t24T2w==", "Timestamp": "2025-12-10T18:52:26.456Z", "SigningCertURL": "https://sns.eu-west-2.amazonaws.com/SimpleNotificationService-6209c161c6221fdf56ec1eb5c821d112.pem", "UnsubscribeURL": "https://sns.eu-west-2.amazonaws.com/?Action=Unsubscribe&SubscriptionArn=arn:aws:sns:eu-west-2:734201894955:s3-backup-notifications:d6b886a7-1f09-4c01-9a85-91a8c5962eb3", "SignatureVersion": "1"}', '2025-12-10 18:52:26.853916+00', NULL, NULL, NULL, NULL, NULL, NULL, NULL, false),
	('7f22cba0-8f1c-463f-bdba-ffe206a9240a', 'd0c4a153-18c5-4705-8996-1dfa37413183', 's3_restore', 'aws_s3', 'unknown', 'Operation: unknown', '{"Type": "Notification", "Message": "{\"Service\":\"Amazon S3\",\"Event\":\"s3:TestEvent\",\"Time\":\"2025-12-10T18:52:28.695Z\",\"Bucket\":\"backup-hall\",\"RequestId\":\"D2RW20SSX6HTCF56\",\"HostId\":\"dd679ql12agq0g4APkA8vPed5HCBoK8qaAKeNPLz+gSaPVuO8j53WWnv9jHQ2ryxa1aKDjJ7s1o=\"}", "Subject": "Amazon S3 Notification", "TopicArn": "arn:aws:sns:eu-west-2:734201894955:s3-backup-notifications", "MessageId": "f773ec06-abeb-5118-8e34-8db56847c079", "Signature": "Mt4rNdahHPXx6hz2vPmVRnjpS6qrva9OUUSuLISkJfhZ4wv5Tvc8hoRn/f9OjgZwfYQAetJN3ecJ5hxXc1mwKqwT2qRpdJLCPaFinFliHhKn8uC0rLO11NgZg0dLpyQS0u86PcFdRRnSEgPl8h0StT1FpwDs993NYleWxfQ1hPhPDSq5qqx/1wBfnNWFq0PKYLda2Cw0p1IyYgz36SFr7jdItfaCNAVFxxM0dEHpN1zFTomdtAgG8HIwiVxQyFkQK2441Q4fcsCyo7SnNPzR+h1s5PuX8BCsf0o0WEWOYagjcqH0cuuVz4GtsJaXoHU4Y0fEZLGMLpCQT+jtYh589w==", "Timestamp": "2025-12-10T18:52:28.717Z", "SigningCertURL": "https://sns.eu-west-2.amazonaws.com/SimpleNotificationService-6209c161c6221fdf56ec1eb5c821d112.pem", "UnsubscribeURL": "https://sns.eu-west-2.amazonaws.com/?Action=Unsubscribe&SubscriptionArn=arn:aws:sns:eu-west-2:734201894955:s3-backup-notifications:d6b886a7-1f09-4c01-9a85-91a8c5962eb3", "SignatureVersion": "1"}', '2025-12-10 18:52:29.266311+00', NULL, NULL, NULL, NULL, NULL, NULL, NULL, false),
	('29a8fb41-87ba-4be2-a8ed-449c589c98d6', 'd0c4a153-18c5-4705-8996-1dfa37413183', 's3_restore', 'aws_s3', 'unknown', 'Operation: unknown', '{"Type": "Notification", "Message": "{\"Service\":\"Amazon S3\",\"Event\":\"s3:TestEvent\",\"Time\":\"2025-12-10T18:52:30.886Z\",\"Bucket\":\"backup-mjcp\",\"RequestId\":\"DY5S6CD7DMPX684M\",\"HostId\":\"XqeZqcutTnNW/RlwMTdFM5aGQ84Dh9C07r0/HYe2k/Sl/e0iQvDJjTLaQguvph4ETKgbOOW6vkJqzfpdoXyS+SwCHchaPOAE\"}", "Subject": "Amazon S3 Notification", "TopicArn": "arn:aws:sns:eu-west-2:734201894955:s3-backup-notifications", "MessageId": "feaffc08-0265-548a-ac17-9dbbc1cb2c72", "Signature": "CA8GAXpP3ba2PwFgu1vPh02JUQBe5w3S3QfpmIKwP8gP39RrRBotCNzY5pXatNOiMD+9qSj9YvDmjPT1WY3j5tQUbYA4zoKh9mcbzlIO4jrFD8bhYdajWBHOtOYIbaYXnxu77ZL5D332d6QII9esTBgzZt/4Uyb1jG6kFqVEV6rPP7KaouEw5BfKdZZGFwvycerF5n+ItK9gzI7BDjk5yElVBw/+I381T7Usr8KPAWB69XVFOxo6rwzjRpWJPS+hAuz4J6BzIZaJmmf188IeTsPV2F+jme6jg2mjtJ2G12cPiMXO8tvCz4liOFmbcNCY5fX4qWGxYGudWGj6zuTnBg==", "Timestamp": "2025-12-10T18:52:30.908Z", "SigningCertURL": "https://sns.eu-west-2.amazonaws.com/SimpleNotificationService-6209c161c6221fdf56ec1eb5c821d112.pem", "UnsubscribeURL": "https://sns.eu-west-2.amazonaws.com/?Action=Unsubscribe&SubscriptionArn=arn:aws:sns:eu-west-2:734201894955:s3-backup-notifications:d6b886a7-1f09-4c01-9a85-91a8c5962eb3", "SignatureVersion": "1"}', '2025-12-10 18:52:31.320445+00', NULL, NULL, NULL, NULL, NULL, NULL, NULL, false),
	('7593e16e-1299-4f29-adca-65c6ae705c3d', 'd0c4a153-18c5-4705-8996-1dfa37413183', 's3_restore', 'aws_s3', 'unknown', 'Operation: unknown', '{"Type": "Notification", "Message": "{\"Service\":\"Amazon S3\",\"Event\":\"s3:TestEvent\",\"Time\":\"2025-12-10T18:52:33.063Z\",\"Bucket\":\"backup-ncdv\",\"RequestId\":\"RRSK3EXT5WD7FYE6\",\"HostId\":\"zxHZe7j7sAgC05kdDltNt2M3INDFFMpXL4g/D199KkPnWzPe1g09yYrhZm0fVefVwMgbQ2CtEfs=\"}", "Subject": "Amazon S3 Notification", "TopicArn": "arn:aws:sns:eu-west-2:734201894955:s3-backup-notifications", "MessageId": "1d9dbcfb-d111-5bd2-a0d4-dd4812a0860f", "Signature": "DxCmpa5P64oOue9zkDawRV5tLznPbyZ7p2xdqd4X+up9htgeDOU7lQIGYjfWffRHim4m22geyDQj4JXpKiDqEkhfMT21YgDG8lXHTohSEMQn0MDtcNj2jDmxGPuh16buE4wqDWyEPpu1IW9f5DlHx5UH0DcfWaqRpGVXZSKvNPSeCKFcz08yYwL1Uh5g9mWB65DiEQcJvdnPSUDgLVK35HfNHlPVNW5UqAwEn4sP12/QOhFXi0+QbwJO/+hhYarBZmXcCQZffVnt7bOaey66rjpy44x//KXMTTxCVg2KlNdsPWdrHJVhhgFd2LlblLnV3OQTCCz4W8FPLenhZZHI1Q==", "Timestamp": "2025-12-10T18:52:33.092Z", "SigningCertURL": "https://sns.eu-west-2.amazonaws.com/SimpleNotificationService-6209c161c6221fdf56ec1eb5c821d112.pem", "UnsubscribeURL": "https://sns.eu-west-2.amazonaws.com/?Action=Unsubscribe&SubscriptionArn=arn:aws:sns:eu-west-2:734201894955:s3-backup-notifications:d6b886a7-1f09-4c01-9a85-91a8c5962eb3", "SignatureVersion": "1"}', '2025-12-10 18:52:33.483385+00', NULL, NULL, NULL, NULL, NULL, NULL, NULL, false),
	('558f5c5c-d375-4ac2-865c-2b48ce3f10db', 'd0c4a153-18c5-4705-8996-1dfa37413183', 's3_restore', 'aws_s3', 'unknown', 'Operation: unknown', '{"Type": "Notification", "Message": "{\"Service\":\"Amazon S3\",\"Event\":\"s3:TestEvent\",\"Time\":\"2025-12-10T18:52:35.226Z\",\"Bucket\":\"backup-neptune-stg\",\"RequestId\":\"P1X105S79449JB20\",\"HostId\":\"67l23kgqUkzGjn5Q/z/NLTe8JYtlFVgR446tEbCrfgUKKH3mG5IeZO+0NJFrsKGor5tQVKR1W3o=\"}", "Subject": "Amazon S3 Notification", "TopicArn": "arn:aws:sns:eu-west-2:734201894955:s3-backup-notifications", "MessageId": "0e075c94-d3a6-53f4-9ce9-3d271015b8f4", "Signature": "D0s4yC7IbGENn3Gg/veIUOcQKRpSa9MMWMROxCHVNDsIOjHH2S3CFOu2S1ZTpwNqI3mti5pKX3wambVMFmDABwOHLnZnOKFyz8wDWudAsWNpDH+5DQ5L5jsu+0QbWnPQkzX2V/KtWF6v0EBaLdpcSGekB/HQqXaSKDHCUbfRT7EYaKZN2AYLdez/tfvsuSDwHLaQAU9m4ma3QUwRVu0VYSwALk7s3/gduCc/7snoSq6Y1fx59dsQ1Gstkm98CrHxyz69B03QatDdaWHGd1r5vYK+99wIX6HKhNcP9LQY6Ar5cTP3PuSTYtlGUZJ1gr78xKF/IlGO/bZSjZEc/fb/eQ==", "Timestamp": "2025-12-10T18:52:35.253Z", "SigningCertURL": "https://sns.eu-west-2.amazonaws.com/SimpleNotificationService-6209c161c6221fdf56ec1eb5c821d112.pem", "UnsubscribeURL": "https://sns.eu-west-2.amazonaws.com/?Action=Unsubscribe&SubscriptionArn=arn:aws:sns:eu-west-2:734201894955:s3-backup-notifications:d6b886a7-1f09-4c01-9a85-91a8c5962eb3", "SignatureVersion": "1"}', '2025-12-10 18:52:35.619453+00', NULL, NULL, NULL, NULL, NULL, NULL, NULL, false),
	('0b82215e-053d-4c46-a8e3-653f5423e5fb', 'd0c4a153-18c5-4705-8996-1dfa37413183', 's3_restore', 'aws_s3', 'unknown', 'Operation: unknown', '{"Type": "Notification", "Message": "{\"Service\":\"Amazon S3\",\"Event\":\"s3:TestEvent\",\"Time\":\"2025-12-10T18:52:36.404Z\",\"Bucket\":\"backup-owlbarn\",\"RequestId\":\"GJYHGDNFZJFWSYEX\",\"HostId\":\"c0fNiYfr1/5zQrx1N3FGV4rLGHKZzkit1qRGYZTmS8vJHh4be+PAdY61RcVug07HFhwRp1Rx+iCH2OfiN6XCNsMqsQmO8Jtf\"}", "Subject": "Amazon S3 Notification", "TopicArn": "arn:aws:sns:eu-west-2:734201894955:s3-backup-notifications", "MessageId": "6cd73af4-5324-5150-8a30-5b4790901c71", "Signature": "IH14/Ny1TyRe1CinODOo4WkSjCfxvpnADJoevupRHjGoCkDmiVdluAEkHw6IoJ4dhZsvoAnfUMsUSTL5vRDreFdaAc1F82IR0xjOmbT7xrW5V3/2mC+SYART7R2RzWQKPPiA6HYeEs+qpPISs8t0JFqembUbfcw6psKm4MaRP80TVzAWYiC511mL3YQAQzBDNyi7Ojmogd6dNU0oQv64rgyDNCVqrKySxxHnqodawgylfmp9rsYUHgrjFyxSz7ca6nVXB57+qHH35C6K+NIBVjHGX+NC9uuYBKslu48yiSuzA7cMVtuFuPpFb2vWJiA2n1MGSu381++GS8z3TNL0Ew==", "Timestamp": "2025-12-10T18:52:36.430Z", "SigningCertURL": "https://sns.eu-west-2.amazonaws.com/SimpleNotificationService-6209c161c6221fdf56ec1eb5c821d112.pem", "UnsubscribeURL": "https://sns.eu-west-2.amazonaws.com/?Action=Unsubscribe&SubscriptionArn=arn:aws:sns:eu-west-2:734201894955:s3-backup-notifications:d6b886a7-1f09-4c01-9a85-91a8c5962eb3", "SignatureVersion": "1"}', '2025-12-10 18:52:36.777412+00', NULL, NULL, NULL, NULL, NULL, NULL, NULL, false),
	('e5cdc0c8-b0fe-4b94-b7f9-eff2024d4234', 'd0c4a153-18c5-4705-8996-1dfa37413183', 's3_restore', 'aws_s3', 'unknown', 'Operation: unknown', '{"Type": "Notification", "Message": "{\"Service\":\"Amazon S3\",\"Event\":\"s3:TestEvent\",\"Time\":\"2025-12-10T18:52:38.678Z\",\"Bucket\":\"backup-recd\",\"RequestId\":\"BJ0WS2W69H0344QB\",\"HostId\":\"BFnUI6xsemWyLWt3s5asj9TTYa9RlNgKjczHG8HN5Ib1lt6ROCeVLNpCpZiqdOU03MgQN0PvmjaTObLu+wvyDvU0XEA70h4A\"}", "Subject": "Amazon S3 Notification", "TopicArn": "arn:aws:sns:eu-west-2:734201894955:s3-backup-notifications", "MessageId": "f564510b-bae0-5655-b365-30b87956596b", "Signature": "gTj88xKi8dTa2c1930o4Lf52rwFgGohdQH9yXZD0LKzgmM1DsCB8c/V3UUia3CtJ2LqEqgrNKM4F4oD7JYNLpmlxsA9jxxetbgv5i4gVinpIMHLKkAg/jFxMru7q7MWzY+ea73TWdKfFrVri9ia807lQb6DMgEn4bh62xm2v9ZRPS1MOwKMQy+HVz8DyC8LnLnTDbVq8JV3LEIak/hQevHavbz5mIC92ODpzwbvZb3nyZf9cWB3+taXt9hMEQEUC+yL3RhV8MmPi4BcrG9QDx5qp5rZExb7nbOphUaSWKpLH2dK7FGj6qjw5DDWKJyFXcdwYDxV9cSTAkElS6KOJLg==", "Timestamp": "2025-12-10T18:52:38.708Z", "SigningCertURL": "https://sns.eu-west-2.amazonaws.com/SimpleNotificationService-6209c161c6221fdf56ec1eb5c821d112.pem", "UnsubscribeURL": "https://sns.eu-west-2.amazonaws.com/?Action=Unsubscribe&SubscriptionArn=arn:aws:sns:eu-west-2:734201894955:s3-backup-notifications:d6b886a7-1f09-4c01-9a85-91a8c5962eb3", "SignatureVersion": "1"}', '2025-12-10 18:52:39.053487+00', NULL, NULL, NULL, NULL, NULL, NULL, NULL, false),
	('02dc068b-2b3a-4325-9a8d-52e54766b068', 'd0c4a153-18c5-4705-8996-1dfa37413183', 's3_restore', 'aws_s3', 'unknown', 'Operation: unknown', '{"Type": "Notification", "Message": "{\"Service\":\"Amazon S3\",\"Event\":\"s3:TestEvent\",\"Time\":\"2025-12-10T18:52:40.845Z\",\"Bucket\":\"backup-rrdl\",\"RequestId\":\"SP5M6FF760QRVRCA\",\"HostId\":\"EtyhvUsR4evKATM2ikcRGtvhaJTjrvoIOrxmwBPqN83akmBA1kE7wSae0Yje/qaVQMj6i12iWdg=\"}", "Subject": "Amazon S3 Notification", "TopicArn": "arn:aws:sns:eu-west-2:734201894955:s3-backup-notifications", "MessageId": "32d342e5-faae-51e2-b714-235639161ae0", "Signature": "ChcprcAFg2jOtd34PcM4CzsGe+BsZUN/6rhn52LjgtoIc4TVJOGqOK5dvWkeXoH86YD10nufc3N6hPeVHCO1Q4hC1U3L6I/XI5spfZEf+X6wS9eo7o+XrY9ZAO7fFWjgEfVau9a3rzLnzS3TyBuyy6W6KFlJWe9b9C/oRXNOvJ0GY6rKsCzLHP77DjWxeOsg9SCJ2rO2qJvPV+kc/5qbKwox8JUEHZRKb2tb18o+uol2XJeI9hMqYYv+70+3lu/TtjEiIKTxoJqhE4i/ZA6potPpE/s3RvRdaUCpio4iBwY+OqXrs73wDMmCm3DaK8IptZy1sYldyG3CuKc65lOdBQ==", "Timestamp": "2025-12-10T18:52:40.867Z", "SigningCertURL": "https://sns.eu-west-2.amazonaws.com/SimpleNotificationService-6209c161c6221fdf56ec1eb5c821d112.pem", "UnsubscribeURL": "https://sns.eu-west-2.amazonaws.com/?Action=Unsubscribe&SubscriptionArn=arn:aws:sns:eu-west-2:734201894955:s3-backup-notifications:d6b886a7-1f09-4c01-9a85-91a8c5962eb3", "SignatureVersion": "1"}', '2025-12-10 18:52:41.221052+00', NULL, NULL, NULL, NULL, NULL, NULL, NULL, false),
	('6c9c28f3-6f43-4490-91c6-4374dc0ab261', 'd0c4a153-18c5-4705-8996-1dfa37413183', 's3_restore', 'aws_s3', 'unknown', 'Operation: unknown', '{"Type": "Notification", "Message": "{\"Service\":\"Amazon S3\",\"Event\":\"s3:TestEvent\",\"Time\":\"2025-12-10T18:52:43.004Z\",\"Bucket\":\"backup-sit\",\"RequestId\":\"907VVGA063PG1H78\",\"HostId\":\"7wMLV+XGy/30Y7uiG/errADOguD1UQZGxP25gR33iuqZoAaABvNZoDnL00uvI7+5fMrKXF/GsfB69XT6AJNthS4adhKcB0SX\"}", "Subject": "Amazon S3 Notification", "TopicArn": "arn:aws:sns:eu-west-2:734201894955:s3-backup-notifications", "MessageId": "2e648192-b8bd-55c5-8fad-e0217b06c325", "Signature": "WCVxfHehNUy9NQR0vU2MLMliMNZwRsWbaBiNt/yb895QchQqFXz9HDBZtqnEUvEMxAEHGLp5M84as+E1UE9tRO2lC1YJmBzIVuSF8KUm6ndkydP9u4gUjRodk9PxGXvrufKj4YnQzkTZUBzhbePmYUtgZuxcQFRzCBvk0wZ4IbSUgOoHsEF6dcwGQI6boGLZOeElA7df8/ElWW9fbVRFuuQkcfs70Y1BKMMbzca1fwGzRzNNKWiA1mNbvFepfkHy2PKXtmYwaTr1SH/IPrODcg7k0sjb9mhGhH7EuPG8utepeMGGYSvlZYFINyC6k25fFMYRY7FdJQT8fiZcrp4CgA==", "Timestamp": "2025-12-10T18:52:43.029Z", "SigningCertURL": "https://sns.eu-west-2.amazonaws.com/SimpleNotificationService-6209c161c6221fdf56ec1eb5c821d112.pem", "UnsubscribeURL": "https://sns.eu-west-2.amazonaws.com/?Action=Unsubscribe&SubscriptionArn=arn:aws:sns:eu-west-2:734201894955:s3-backup-notifications:d6b886a7-1f09-4c01-9a85-91a8c5962eb3", "SignatureVersion": "1"}', '2025-12-10 18:52:43.355485+00', NULL, NULL, NULL, NULL, NULL, NULL, NULL, false),
	('77e85a66-d6a6-44d2-af09-b7eaa472eaf9', 'd0c4a153-18c5-4705-8996-1dfa37413183', 's3_restore', 'aws_s3', 'unknown', 'Operation: unknown', '{"Type": "Notification", "Message": "{\"Service\":\"Amazon S3\",\"Event\":\"s3:TestEvent\",\"Time\":\"2025-12-10T18:52:45.167Z\",\"Bucket\":\"backup-th3\",\"RequestId\":\"BDZMP2098R913JMW\",\"HostId\":\"J475ZJ9vyv+FXMjEK+7qoSeJg5IBLgjm4FpcDLuSFSPioAN0m4P3RExfeaWtFMuyxwfw56r8zJc=\"}", "Subject": "Amazon S3 Notification", "TopicArn": "arn:aws:sns:eu-west-2:734201894955:s3-backup-notifications", "MessageId": "e456f9a4-1be8-516f-92f6-9817d85570b4", "Signature": "BZrQA7Xt5QSTjo3HT3nVHgOytSDr2/WWc9sWVozDGeyiKGPQvlysDulmBny2LF1QWD8NsIv0CUVyMVPz3Zp9FOq+fN9832YNV8WfDZ0ALxt/B99NAX5uY1KzV46Ht0u6GTwx3EqrdGTbOJSJU7PpKTn9Z70gMdXMAUw3uA06SkX2EYcKgtqiAkJXvSneodU1XoGY3PhuW7IIZPAR/7KH8PTXZRPMgLMxCb2WKyGFu6XsdfhaFL1qxqCpD7KQRirWF9lfq3VurXrEqOAQVER3+34JaRJkg4Z2NaDpsYSZJ11rhw/FNUCo9WLTuGrFedjgNyNJJHkUlgGo66kpw5IQlQ==", "Timestamp": "2025-12-10T18:52:45.185Z", "SigningCertURL": "https://sns.eu-west-2.amazonaws.com/SimpleNotificationService-6209c161c6221fdf56ec1eb5c821d112.pem", "UnsubscribeURL": "https://sns.eu-west-2.amazonaws.com/?Action=Unsubscribe&SubscriptionArn=arn:aws:sns:eu-west-2:734201894955:s3-backup-notifications:d6b886a7-1f09-4c01-9a85-91a8c5962eb3", "SignatureVersion": "1"}', '2025-12-10 18:52:45.497328+00', NULL, NULL, NULL, NULL, NULL, NULL, NULL, false),
	('90e3fe21-de2f-45af-9236-1f20a2c6ba89', 'd0c4a153-18c5-4705-8996-1dfa37413183', 's3_restore', 'aws_s3', 'unknown', 'Operation: unknown', '{"Type": "Notification", "Message": "{\"Service\":\"Amazon S3\",\"Event\":\"s3:TestEvent\",\"Time\":\"2025-12-10T18:52:47.521Z\",\"Bucket\":\"backup-th5\",\"RequestId\":\"ZFHZJDKENAJH6NDK\",\"HostId\":\"mqm1CZzTxvtSutMHyyV1KJFBq33wTQKOqZrWzfk4b+K6gsKf9dyV1KW6z7U2SDimPYIoU0f0QOk=\"}", "Subject": "Amazon S3 Notification", "TopicArn": "arn:aws:sns:eu-west-2:734201894955:s3-backup-notifications", "MessageId": "667ccdac-2e2d-596b-8337-ac1fed925736", "Signature": "o71N6ULbi7UsFU/zGBOAji/grwaHmBEYyvlldcIoD1fiFHsuLjBGqsOFx2BmtcGOxzh31IoEhuKLu5lvpvogjsQMnrwMwv79gPMyMBTw7x0g0pKWXRhfsmBS2Nux1722hIwlIOOjrXolicag2IuBJRxeW78LNvzu0E1b3L6zVUr1Y8YfWS5QOqzVAhMn84wVih0WdqdlfdjWI3b1gMkqK1M/Wni3ZOo8SkwW+0/AsbiLaCwL5+FNw4rl7VlSevrD5sRhDSF951ZcFyRkwRX11YzxZZAMdeHrnCNpN5ZwnR+rHiRy7+XMXlaV4VCcDffiQrXcT6H1/e/OeN4uYSd1wA==", "Timestamp": "2025-12-10T18:52:47.537Z", "SigningCertURL": "https://sns.eu-west-2.amazonaws.com/SimpleNotificationService-6209c161c6221fdf56ec1eb5c821d112.pem", "UnsubscribeURL": "https://sns.eu-west-2.amazonaws.com/?Action=Unsubscribe&SubscriptionArn=arn:aws:sns:eu-west-2:734201894955:s3-backup-notifications:d6b886a7-1f09-4c01-9a85-91a8c5962eb3", "SignatureVersion": "1"}', '2025-12-10 18:52:47.866905+00', NULL, NULL, NULL, NULL, NULL, NULL, NULL, false),
	('c033f475-b47d-461b-a5b2-4c5f88151be0', 'd0c4a153-18c5-4705-8996-1dfa37413183', 's3_restore', 'aws_s3', 'unknown', 'Operation: unknown', '{"Type": "Notification", "Message": "{\"Service\":\"Amazon S3\",\"Event\":\"s3:TestEvent\",\"Time\":\"2025-12-10T18:52:37.614Z\",\"Bucket\":\"backup-q2d\",\"RequestId\":\"00F6VN2S10SFEZ76\",\"HostId\":\"m5fwnCxaofRJrXmzyLUWgAkmBL47bvJMAV3kjk3UOm07MtmP3w5DhkCad4n27f1ed0cx8xQSlZIT+BvCoT9JNW9cVP5Mm/AS\"}", "Subject": "Amazon S3 Notification", "TopicArn": "arn:aws:sns:eu-west-2:734201894955:s3-backup-notifications", "MessageId": "5dcc2c86-3c03-589f-83a1-4d35ffb6ce84", "Signature": "cn64mq5sGCiYPFFyIP3oqxnzAD7NaJv93XREgbmwV/bc8Qe+fHaWuZygdYLqgxgf7PkrPC4PRoDZt7Nahgg1l/DsCvuAdeZ/vu9OATEWNywuu8luVpJXAyvTfp/hvJ0Pbsa/BICt8jCOHrecyM7lGJOihgt8hzAblf8/RX9MbRpkW9G4hvkNv2Lu3PYl8Sp6tSH+TN1bMgo4V97zlWKY0iONB4koRfQr0L/mDTitlNJ7ODRXwcz4q3rCBba1kKfZbRByR9BYQStn4JYTsIrCMlAxPDKQWDC8UEzPATL1xm3G+pdw6duZ5CQvDUMhdgfzXFIRS81e1ftBzTaOZsPUjQ==", "Timestamp": "2025-12-10T18:52:37.635Z", "SigningCertURL": "https://sns.eu-west-2.amazonaws.com/SimpleNotificationService-6209c161c6221fdf56ec1eb5c821d112.pem", "UnsubscribeURL": "https://sns.eu-west-2.amazonaws.com/?Action=Unsubscribe&SubscriptionArn=arn:aws:sns:eu-west-2:734201894955:s3-backup-notifications:d6b886a7-1f09-4c01-9a85-91a8c5962eb3", "SignatureVersion": "1"}', '2025-12-10 18:52:37.987486+00', NULL, NULL, NULL, NULL, NULL, NULL, NULL, false),
	('9c24f5ac-8cb8-4c08-9d4b-e928e941b95d', 'd0c4a153-18c5-4705-8996-1dfa37413183', 's3_restore', 'aws_s3', 'unknown', 'Operation: unknown', '{"Type": "Notification", "Message": "{\"Service\":\"Amazon S3\",\"Event\":\"s3:TestEvent\",\"Time\":\"2025-12-10T18:52:39.754Z\",\"Bucket\":\"backup-redh\",\"RequestId\":\"8PGD7MPCT40Q4QPT\",\"HostId\":\"T0L7taAhbIVEJEycnPc2bP3t4aZkhX8GX1zQBQSmgVSI8RMm/jRhvuVGXL31VvRK13RzeVi8N+c=\"}", "Subject": "Amazon S3 Notification", "TopicArn": "arn:aws:sns:eu-west-2:734201894955:s3-backup-notifications", "MessageId": "cc174de5-96e7-56c2-90d7-2c565550f4b5", "Signature": "Lp5pW9h1IIV1E13il3sU914gPO3+JgZh/8+O2IWLjKWaZ9ZlI+OEJXH7GWd/LMf8NcoksF5GOTg39NuYHcpffUeaKiTjZnRGGP01ROx+W1Z1WXHg3mZzJUIXUnLiD4Qe9/BHQ8vI7R9sEAIEA0JoDnkE6SW2o5M6v+bGJSQUrCD6CIXYdbjBL04XDFa1zWKMcIClS1GGXfmhuq1dKIVA54ir535R2ECQPFF8WatFMHT6v8q1CcL9WHVCNLNYixsrW3k0aCCxuHbk1dJJ6toXmYdc3qFfb3wy5DxjJgfh3ucMGQnFCLULdSe4TAyPVTcGbOdKxY11h2ZHl1lcLS9DMw==", "Timestamp": "2025-12-10T18:52:39.779Z", "SigningCertURL": "https://sns.eu-west-2.amazonaws.com/SimpleNotificationService-6209c161c6221fdf56ec1eb5c821d112.pem", "UnsubscribeURL": "https://sns.eu-west-2.amazonaws.com/?Action=Unsubscribe&SubscriptionArn=arn:aws:sns:eu-west-2:734201894955:s3-backup-notifications:d6b886a7-1f09-4c01-9a85-91a8c5962eb3", "SignatureVersion": "1"}', '2025-12-10 18:52:40.097728+00', NULL, NULL, NULL, NULL, NULL, NULL, NULL, false),
	('156340e9-45bb-465c-b249-3675dbddfaf1', 'd0c4a153-18c5-4705-8996-1dfa37413183', 's3_restore', 'aws_s3', 'unknown', 'Operation: unknown', '{"Type": "Notification", "Message": "{\"Service\":\"Amazon S3\",\"Event\":\"s3:TestEvent\",\"Time\":\"2025-12-10T18:52:41.924Z\",\"Bucket\":\"backup-seca\",\"RequestId\":\"K13TEM0AETFJN3J9\",\"HostId\":\"0VCriy8HXNhDSmnHfrRIgtAqodrsyyijgWMdT+0YD5dSAzWe47k50y1Tn50bEKs7sXdB0UwqBt84sdFlZK/zP52JV3U5UNLi\"}", "Subject": "Amazon S3 Notification", "TopicArn": "arn:aws:sns:eu-west-2:734201894955:s3-backup-notifications", "MessageId": "cbe238ba-8ef8-5a1b-b77c-59094d41f2fa", "Signature": "SPoa9CkMZek4EZK/p+1EITd3KjdID9WR0Me4CDnksuZ1YDafb6vudmQyxPuDeVLNHGmEeSNLEFoE7Tk8jNiIRzjHYCfTbzadFbrKmpNaB8q04VrxfqkGrhBxL8i2yOD8gbyZqLzB0xS5H6sosh1oKK7JK4cfni1Na0CkAIqUuBT4izd81uds1zvPM2hWmYY2bMjyz3hCmQUFoRn+cAxxz0+9x5WF9XbekznGwrn/pV30+ZY9tRAdiC+3vOXDsBCbjuL/SBuN3Tx6y1ZSQTGqFMWq9U4DqavyDue/qviIl46cg88vw8eEYWYhHb7kPBmzBRZAzlJChfcM6zCgYoRQSg==", "Timestamp": "2025-12-10T18:52:41.945Z", "SigningCertURL": "https://sns.eu-west-2.amazonaws.com/SimpleNotificationService-6209c161c6221fdf56ec1eb5c821d112.pem", "UnsubscribeURL": "https://sns.eu-west-2.amazonaws.com/?Action=Unsubscribe&SubscriptionArn=arn:aws:sns:eu-west-2:734201894955:s3-backup-notifications:d6b886a7-1f09-4c01-9a85-91a8c5962eb3", "SignatureVersion": "1"}', '2025-12-10 18:52:42.27346+00', NULL, NULL, NULL, NULL, NULL, NULL, NULL, false),
	('634714fc-01a6-4277-a3b6-f0addda52c34', 'd0c4a153-18c5-4705-8996-1dfa37413183', 's3_restore', 'aws_s3', 'unknown', 'Operation: unknown', '{"Type": "Notification", "Message": "{\"Service\":\"Amazon S3\",\"Event\":\"s3:TestEvent\",\"Time\":\"2025-12-10T18:52:44.090Z\",\"Bucket\":\"backup-th1\",\"RequestId\":\"0YFS1NSMYJCDX67A\",\"HostId\":\"OSaIO/xSrZnnjTSnP3WT/DIc+rJoqKx/dw5dcQAit+3ynVvrx6SSd8xzpWXk4MOsg9yZL4z2Uio=\"}", "Subject": "Amazon S3 Notification", "TopicArn": "arn:aws:sns:eu-west-2:734201894955:s3-backup-notifications", "MessageId": "786f4706-37b3-52e0-ae3c-26b5f40f72b8", "Signature": "RKGzXcqfBgjH2eZkXc85Z0igotRmRf0ZgxCm9xewHfS7SKrUDsdsUMM/L2RGnvtwLLuI1xgPM+WqCXTnbvnE3Vf/LS+lXT5ea/AxbtSRSmGyRr+768Wvq5tE8aXIcVDstIiaSFdqd8Zhog5e1hVRBK8NdiiGfgu9vaAoNlfVRGwFCWp2WYSBK0rRTl156e+sy+OhwPX5dbkt9Cw8BYSdme79fS5aHozsQT52pYtvA9Slgq2+NsX4VSGHGynScH7+18WEyKKVil5alU7z5nkjbkY0KC+WFGz+Ebs7tVJsEJ5JQKIN0Wu/OqZ3prRq06k7jnWSa3dYW8IO8+rDJGWnVg==", "Timestamp": "2025-12-10T18:52:44.113Z", "SigningCertURL": "https://sns.eu-west-2.amazonaws.com/SimpleNotificationService-6209c161c6221fdf56ec1eb5c821d112.pem", "UnsubscribeURL": "https://sns.eu-west-2.amazonaws.com/?Action=Unsubscribe&SubscriptionArn=arn:aws:sns:eu-west-2:734201894955:s3-backup-notifications:d6b886a7-1f09-4c01-9a85-91a8c5962eb3", "SignatureVersion": "1"}', '2025-12-10 18:52:44.49681+00', NULL, NULL, NULL, NULL, NULL, NULL, NULL, false),
	('9124c6e7-7b28-45a3-bb89-8c816766016e', 'd0c4a153-18c5-4705-8996-1dfa37413183', 's3_restore', 'aws_s3', 'unknown', 'Operation: unknown', '{"Type": "Notification", "Message": "{\"Service\":\"Amazon S3\",\"Event\":\"s3:TestEvent\",\"Time\":\"2025-12-10T18:52:46.290Z\",\"Bucket\":\"backup-th4\",\"RequestId\":\"27D9E0EFV9WW7PQA\",\"HostId\":\"PhNYvCpZNvq91sU6CVSyDyGL1LEL04M3VC6btj+4iH0f6UhruMtn/VH4pYims0DO2uwzYCDr1GU=\"}", "Subject": "Amazon S3 Notification", "TopicArn": "arn:aws:sns:eu-west-2:734201894955:s3-backup-notifications", "MessageId": "909e3dbe-4624-5adf-952d-5c0d859a5925", "Signature": "GgPAAqFssWCbovswz/xzwKw/+1HwrQmhrvol9RiBix7yroahtaWkanaOsD8vzvYgoyzROOF+4RKl21+TZHg2GIuQC8jCWN+x7snsrBPQ9tDVBMtr6vGifiT0Fv2Nnyc5L6RsH9pjevnAGBH48Kf2g097e4oP5qyGlgEoUdLO36T9vWa8nGedxfAfUKWYjjSW1CxP6FGk7E/tZan9KzMZoovhdATCZgfRcP3/QGfIfTlIWTEUkJkUm2D0QQ8/MoQiH85zk8NITqmriUHQYcTXpxJ8tDNHRnoF73TunZI0Y/hTYPLkxRRS2FU9JHvQ7DGnlHtyRV923icuW8aAijYduw==", "Timestamp": "2025-12-10T18:52:46.317Z", "SigningCertURL": "https://sns.eu-west-2.amazonaws.com/SimpleNotificationService-6209c161c6221fdf56ec1eb5c821d112.pem", "UnsubscribeURL": "https://sns.eu-west-2.amazonaws.com/?Action=Unsubscribe&SubscriptionArn=arn:aws:sns:eu-west-2:734201894955:s3-backup-notifications:d6b886a7-1f09-4c01-9a85-91a8c5962eb3", "SignatureVersion": "1"}', '2025-12-10 18:52:46.699189+00', NULL, NULL, NULL, NULL, NULL, NULL, NULL, false),
	('62b03b01-b1d4-4d3b-a557-21e8d6ff013e', 'd0c4a153-18c5-4705-8996-1dfa37413183', 's3_restore', 'aws_s3', 'unknown', 'Operation: unknown', '{"Type": "Notification", "Message": "{\"Service\":\"Amazon S3\",\"Event\":\"s3:TestEvent\",\"Time\":\"2025-12-10T18:52:48.567Z\",\"Bucket\":\"backup-tp-dev\",\"RequestId\":\"2Z7D9VQ6C6DHFZPK\",\"HostId\":\"0N/lR5d60OlPd8pzXur7+zRZmLuWnmj/nem3JUl4KTMO0IRK07gadAaBapv5VqYh30C3rVBX9nBKuzisMFh76q6Al1mNpAvK\"}", "Subject": "Amazon S3 Notification", "TopicArn": "arn:aws:sns:eu-west-2:734201894955:s3-backup-notifications", "MessageId": "85b33978-dfae-5690-9f0d-58cb1c6ea7b3", "Signature": "oWedHlLoUQ1jNTa2VUmfI8mVCqCO8jn4IXS5EGMCjGB6The7bFbC+LH6L8CsmOxAuIJE6MxLT6NNAw8LHawbWea2jZBAh6j1CO7HtkmBgJzh66qwJMPwBXd/QmR+/jp5wXGTbFv0pVvCx8Zo9dRZcJ0si6B3KtoYvoBB1JndN3SIPXAFEsIZWg0ebvGD4indQRUGJ2pd6uwUvXDQFt1sR4eNkiAYsn/SJdiSrB0e34WrXcVisH7NUmjsmr69l5DFuzi/4zXLlX3KfpAZbjhs0WRYaLvXkJPx1f/B+WRIT17u99SRkmh1ulQzSMzSr1DbXVRh/nmyIpcjAGtlrkzE6w==", "Timestamp": "2025-12-10T18:52:48.598Z", "SigningCertURL": "https://sns.eu-west-2.amazonaws.com/SimpleNotificationService-6209c161c6221fdf56ec1eb5c821d112.pem", "UnsubscribeURL": "https://sns.eu-west-2.amazonaws.com/?Action=Unsubscribe&SubscriptionArn=arn:aws:sns:eu-west-2:734201894955:s3-backup-notifications:d6b886a7-1f09-4c01-9a85-91a8c5962eb3", "SignatureVersion": "1"}', '2025-12-10 18:52:48.962662+00', NULL, NULL, NULL, NULL, NULL, NULL, NULL, false),
	('1b012bfe-3975-460b-8df5-320675e54640', 'd0c4a153-18c5-4705-8996-1dfa37413183', 's3_restore', 'aws_s3', 'unknown', 'Operation: unknown', '{"Type": "Notification", "Message": "{\"Service\":\"Amazon S3\",\"Event\":\"s3:TestEvent\",\"Time\":\"2025-12-10T18:52:49.654Z\",\"Bucket\":\"backup-tp-stg\",\"RequestId\":\"P2STNJPXJB307VBW\",\"HostId\":\"A7xugryNCbPAIUrOB1CSrXQzHDinAWkWUJn6/e0g6zuixsqaQz3TEir6GV7axpykC9i3Vd0t0gY=\"}", "Subject": "Amazon S3 Notification", "TopicArn": "arn:aws:sns:eu-west-2:734201894955:s3-backup-notifications", "MessageId": "52aa8ef7-7efd-535b-9340-ef44bd3c5b61", "Signature": "R7zI/4d8Erqfe/CC5MJLiCp4HglUDT2DtN9MKDIK103SE53fy+wTYxFyL/UJQJcGPW2UayJQKDJJ3YYamTx7NkEB/sv0RHyjbS4477oq4g2IvQShAsZ1xP2KOT0s6pMpJ0JwMEO5RxN2ZU2DOz0u+iIM6Mvl12Ig3VJAafJh0HCxrcoyaliPEB4iFhluILkj1xmm7WLOAd9AO1utcLQYThq/KObzI1BWRz4BTfbevkoW88y1vPz9/3WxJHYPdCcQz+orBOKtJ1OjChb8x4pgWDPe+PbNLkBFP0bAK8P+JHd4Ie+3YmeeEp6+fAj93orBinhWBdkPrQRafvVZH79Srw==", "Timestamp": "2025-12-10T18:52:49.681Z", "SigningCertURL": "https://sns.eu-west-2.amazonaws.com/SimpleNotificationService-6209c161c6221fdf56ec1eb5c821d112.pem", "UnsubscribeURL": "https://sns.eu-west-2.amazonaws.com/?Action=Unsubscribe&SubscriptionArn=arn:aws:sns:eu-west-2:734201894955:s3-backup-notifications:d6b886a7-1f09-4c01-9a85-91a8c5962eb3", "SignatureVersion": "1"}', '2025-12-10 18:52:50.023994+00', NULL, NULL, NULL, NULL, NULL, NULL, NULL, false),
	('19fcbc52-192f-4f5c-bab6-31345f443bec', 'd0c4a153-18c5-4705-8996-1dfa37413183', 's3_restore', 'aws_s3', 'unknown', 'Operation: unknown', '{"Type": "Notification", "Message": "{\"Service\":\"Amazon S3\",\"Event\":\"s3:TestEvent\",\"Time\":\"2025-12-10T18:52:51.854Z\",\"Bucket\":\"backup-volt\",\"RequestId\":\"M6BSM1RNHGVSDQPX\",\"HostId\":\"+25IhdVLATgzp3lGpHQQ6riCEAeYVBs7A/3qCABr8WEgd0PMVY8OU3ufAnN9j4Ps7jCWbkdFAKsfBIwvO941LnwZ5GP89YCT\"}", "Subject": "Amazon S3 Notification", "TopicArn": "arn:aws:sns:eu-west-2:734201894955:s3-backup-notifications", "MessageId": "245b43aa-8dc4-53c7-89e2-22194e071899", "Signature": "UD1jOrwrQnvl9TpbmvjLUJhMZubU7D+w/9NsP7PSqSDhShiP0O/qCYa06oe6g2WQKwXAFCbP3DILXPpL5kf2Ci/M2R+dxm0mKtgqoGz+jIGg/u+SewT2adWA/U6ZANN+dHTGREJ3kZj6YKw0/LeQQSoMcrM5YaKe99xZMAL/IzIr9e66qtwICcMckKyTufaPeP5sBXykCY279n34cr1jaqrRwKAMUXfU0tGixwHxm83qviyikdkoLd0c0AmubJp09SNwvulfvdsX3nrX6JDC5R8oSgHFqC0Rt9Rq6JiaXF3fjm9NaHNmbv81p7CwewNDd2cFG3O9fuJmG80zz+yZSg==", "Timestamp": "2025-12-10T18:52:51.881Z", "SigningCertURL": "https://sns.eu-west-2.amazonaws.com/SimpleNotificationService-6209c161c6221fdf56ec1eb5c821d112.pem", "UnsubscribeURL": "https://sns.eu-west-2.amazonaws.com/?Action=Unsubscribe&SubscriptionArn=arn:aws:sns:eu-west-2:734201894955:s3-backup-notifications:d6b886a7-1f09-4c01-9a85-91a8c5962eb3", "SignatureVersion": "1"}', '2025-12-10 18:52:52.231098+00', NULL, NULL, NULL, NULL, NULL, NULL, NULL, false),
	('dda4dfe4-1631-4bca-bf79-6bc8aa834476', 'd0c4a153-18c5-4705-8996-1dfa37413183', 's3_restore', 'aws_s3', 'unknown', 'Operation: unknown', '{"Type": "Notification", "Message": "{\"Service\":\"Amazon S3\",\"Event\":\"s3:TestEvent\",\"Time\":\"2025-12-10T18:52:54.090Z\",\"Bucket\":\"backup-winc-dev\",\"RequestId\":\"RE022PWHNS2W19BJ\",\"HostId\":\"9q6FVDB86MqonaE55zO4SgSmFKt7fjJ3p4zATkAXqMpge5UBvPQenKp5Z+e/q8Gikj5uC7lADxV1hrBV+hFXGbEt3p3lF/19\"}", "Subject": "Amazon S3 Notification", "TopicArn": "arn:aws:sns:eu-west-2:734201894955:s3-backup-notifications", "MessageId": "abe19b50-75ff-577c-b24b-fae3b639a002", "Signature": "lWv8fqcfnxBY+mtlM8rangq7PKrXeN9DIwrmIx62knFbYiG4J40v39h8LFn/vsFu/p/Wz0faHtAs9giLQBqlqg1GgW5YgAVgkR5fYULLdhyQJs8OFJJ6rgqLZyYtQHVmalEkHN8tvzirWs/jIF3v7TJYwMDJQf9p+BmWWkGnqeHsu4UJHcUckm854ClUyDRAO9n6GztSZscmZGux8tjfqKyEAnxYub+5rB6QYCMkf9XW1BmZ2A+HDHBbWHQBbLIDwy9HTEs4Gq49JWJ5xivCkj6rVKVXUqMdFpW/UjqnRp5ahJrk5R6VQFwC4m3U85jMhsMboaGsVa3Qw+WVQa1v6Q==", "Timestamp": "2025-12-10T18:52:54.113Z", "SigningCertURL": "https://sns.eu-west-2.amazonaws.com/SimpleNotificationService-6209c161c6221fdf56ec1eb5c821d112.pem", "UnsubscribeURL": "https://sns.eu-west-2.amazonaws.com/?Action=Unsubscribe&SubscriptionArn=arn:aws:sns:eu-west-2:734201894955:s3-backup-notifications:d6b886a7-1f09-4c01-9a85-91a8c5962eb3", "SignatureVersion": "1"}', '2025-12-10 18:52:54.448517+00', NULL, NULL, NULL, NULL, NULL, NULL, NULL, false),
	('5984200a-d6f9-4b2f-9e45-5fbe925726f4', 'd0c4a153-18c5-4705-8996-1dfa37413183', 's3_restore', 'aws_s3', 'unknown', 'Operation: unknown', '{"Type": "Notification", "Message": "{\"Service\":\"Amazon S3\",\"Event\":\"s3:TestEvent\",\"Time\":\"2025-12-10T18:52:50.715Z\",\"Bucket\":\"backup-trpl\",\"RequestId\":\"SAHG5C677FGWT8VC\",\"HostId\":\"CYYIDLxe+WMdtGjVBa9ZUwhLZC4R2A47ipWWvxD6V8S8B3Y5t9BluCW+S/AlEZyS4H0xkIkFeDA7VWm62DBrlVkWyYpng/VG\"}", "Subject": "Amazon S3 Notification", "TopicArn": "arn:aws:sns:eu-west-2:734201894955:s3-backup-notifications", "MessageId": "a0f52fa9-6868-5e8c-841a-4e1aabaa4a96", "Signature": "ZJWp2obVbKCwgieEyKffBFMu+icCed9JQHwOVkU1p4ron4fFUzBPKfbvIe+CC09R/Ze02ys+tOUUPqg7LTKkgymgG5zoWgmh0vlQuyn2pHr/fwTDdZ/RGuo/Or0znIbzM8HmvfYqhEoszrOnKyueOwvQeKSvw8r249G44z2ozBeTVRPyeAQVTOfhWmG00kFUHPYOKxOAM+w/HUKqztF/bwYivWj+Ul/3K5xtyZ+/SA1TPhxqhD9ppIOdE8qtR2e+K6RwmH+jGIk0+1A4LycRtj91DCK5i1s0CDFj9bhSMCu3vW6oREmTpG0GVy34XHUuwOl/L9LnjQVT4rEw4R2Azw==", "Timestamp": "2025-12-10T18:52:50.738Z", "SigningCertURL": "https://sns.eu-west-2.amazonaws.com/SimpleNotificationService-6209c161c6221fdf56ec1eb5c821d112.pem", "UnsubscribeURL": "https://sns.eu-west-2.amazonaws.com/?Action=Unsubscribe&SubscriptionArn=arn:aws:sns:eu-west-2:734201894955:s3-backup-notifications:d6b886a7-1f09-4c01-9a85-91a8c5962eb3", "SignatureVersion": "1"}', '2025-12-10 18:52:51.108661+00', NULL, NULL, NULL, NULL, NULL, NULL, NULL, false),
	('f2961572-626a-4020-8b77-b1a3787284b7', 'd0c4a153-18c5-4705-8996-1dfa37413183', 's3_restore', 'aws_s3', 'unknown', 'Operation: unknown', '{"Type": "Notification", "Message": "{\"Service\":\"Amazon S3\",\"Event\":\"s3:TestEvent\",\"Time\":\"2025-12-10T18:52:52.994Z\",\"Bucket\":\"backup-winc\",\"RequestId\":\"64VWTTV1W7HJ4EA2\",\"HostId\":\"Q21pwmqI3N/JsW293S202E6kRm2LxzZauJWDA9vjjLXgQR1siRbX59Ogf0MsoPF9Kpo7U3zKby0=\"}", "Subject": "Amazon S3 Notification", "TopicArn": "arn:aws:sns:eu-west-2:734201894955:s3-backup-notifications", "MessageId": "dede14b0-5a53-5db2-b096-7503999675e8", "Signature": "nRKYxs3JBy0e+gwf3kkzRi//JnyRTX+WoKYjudDFtj7RDhNL1Lt4+GSIS3THNQRrmnvCSi6/fERaVRUr3NdYmf9Fxfwp2f4QaNXyeRT0MYidUHsOlP7XAhafEG3X85ao+qRYobGh9be7z9a/ZNFG3/0FZnAlA0YziuS8fd4sB/wQGN9xRLFYx/3RF2B4KJrMRsOW/uXlZHaQAHyipxkNydZoBNQiFpz5eFC0jgN78vGDqxi/2xDqJluKn/a9DyD7xQ7tq+iFGXuZkM5hDxNd/rvUQE/vE/dGjKQdEr4UwqkXycc9aMfvRlFPWnkW+mnOjLnCr5B629di8lY36N6v5g==", "Timestamp": "2025-12-10T18:52:53.018Z", "SigningCertURL": "https://sns.eu-west-2.amazonaws.com/SimpleNotificationService-6209c161c6221fdf56ec1eb5c821d112.pem", "UnsubscribeURL": "https://sns.eu-west-2.amazonaws.com/?Action=Unsubscribe&SubscriptionArn=arn:aws:sns:eu-west-2:734201894955:s3-backup-notifications:d6b886a7-1f09-4c01-9a85-91a8c5962eb3", "SignatureVersion": "1"}', '2025-12-10 18:52:53.404251+00', NULL, NULL, NULL, NULL, NULL, NULL, NULL, false),
	('044d5fe4-3eec-4fd0-bc27-f30acd7132af', 'd0c4a153-18c5-4705-8996-1dfa37413183', 's3_restore', 'aws_s3', 'unknown', 'Operation: unknown', '{"Type": "Notification", "Message": "{\"Service\":\"Amazon S3\",\"Event\":\"s3:TestEvent\",\"Time\":\"2025-12-10T18:52:55.208Z\",\"Bucket\":\"backup-wpcsc\",\"RequestId\":\"Q4RAJE6NGXJY03QH\",\"HostId\":\"oQhHjzOVjiq+rMDIJpZGXLN2/2a8j6xK7yzxrP7IY+fQkpkrMrGOnXcyQEDn4bTd0oEuRL1ts/nBUldpLPntPcTUOeY19qQA\"}", "Subject": "Amazon S3 Notification", "TopicArn": "arn:aws:sns:eu-west-2:734201894955:s3-backup-notifications", "MessageId": "5fc07cc0-2c72-54fd-afe7-1d73efb57562", "Signature": "QkkAoSSWHnYLVA+msB+gPXh5lRYyCEgHOP2/qcBhM6lfMu6Dw+B9B2ZiNU74/mRtrguxv5Ubvh4zbKuKVU+1SkOlXUd8tuhPvAJ6Z8EcD4p34i5gLULy8d45+4BvJ1IAuhKmPmwetDkTWF1IRlxnN7STjLdhKOhTXK9BGC/Ph9hpgwLbJjbHLz+RvmHrcjcG8uaFysB+o7z+COcQdPvxFpcb5d7BaEL7PNSoQYS/n9uZhI+IIqTBGn9WyrJW9QOwm4eF9ZeqGCT1yLjSQRRUJXmXmaF+FBOL5nhawMtgVXwDptlWZ/T1KZGjkR7M0Hgq1jvR4kEAjdFqR62vMb7asg==", "Timestamp": "2025-12-10T18:52:55.235Z", "SigningCertURL": "https://sns.eu-west-2.amazonaws.com/SimpleNotificationService-6209c161c6221fdf56ec1eb5c821d112.pem", "UnsubscribeURL": "https://sns.eu-west-2.amazonaws.com/?Action=Unsubscribe&SubscriptionArn=arn:aws:sns:eu-west-2:734201894955:s3-backup-notifications:d6b886a7-1f09-4c01-9a85-91a8c5962eb3", "SignatureVersion": "1"}', '2025-12-10 18:52:55.589437+00', NULL, NULL, NULL, NULL, NULL, NULL, NULL, false),
	('ef751785-74f3-408d-ad1d-09bfa090384f', '01711b1e-350d-4190-b8ea-548b96a59fe6', 'backup_added', 'aws_s3', 'success', 'backup added: FindAddressUK.fmp12', '{"Type": "Notification", "Message": "{\"Records\":[{\"eventVersion\":\"2.1\",\"eventSource\":\"aws:s3\",\"awsRegion\":\"eu-west-2\",\"eventTime\":\"2025-12-10T21:04:40.922Z\",\"eventName\":\"ObjectCreated:Put\",\"userIdentity\":{\"principalId\":\"AWS:AIDA2V4OX3AVS2OK56KUH\"},\"requestParameters\":{\"sourceIPAddress\":\"136.244.64.159\"},\"responseElements\":{\"x-amz-request-id\":\"EC3JXWK8S62K88XW\",\"x-amz-id-2\":\"a6WeM7/oaClsyMGkY72vyk0tkZ2EzOTa6mxiJTBM9pV/bGXliWwmZSYJ9pBeKs0gr5MH88ItPYglc5pwgJ7Y2sTxHvU4hm4Y\"},\"s3\":{\"s3SchemaVersion\":\"1.0\",\"configurationId\":\"backup_added\",\"bucket\":{\"name\":\"backup-ncdv\",\"ownerIdentity\":{\"principalId\":\"A50UXABTCMMNK\"},\"arn\":\"arn:aws:s3:::backup-ncdv\"},\"object\":{\"key\":\"dbs/OTTO_OFFSITE_1_2025-12-10_2104/Databases/FindAddressUK.fmp12\",\"size\":593920,\"eTag\":\"8b226a4684c438e9e856bb4057bfdd22\",\"sequencer\":\"006939E068DB048AB4\"}}}]}", "Subject": "Amazon S3 Notification", "TopicArn": "arn:aws:sns:eu-west-2:734201894955:s3-backup-notifications", "MessageId": "004aede5-a41b-5c5c-b474-8c5646b1d903", "Signature": "uJQpA0ScR96KxlbvM7ITbWMKE05j6TfilwwH+/lJkTgkLrmHoR+rXNeu7TD3QxV80SnASAZcQ07h+qowXdZwe2MwS8hle/YBhaZFWCb4NXz6vbz5YHmkfVTRzHJWfp+7GC930WaXAqVhZRX+iddJo8BFk1YJrrWn4sFifBwKxwQmHXOY6e5GPbqEi7d4KzyfSGo4T59kf2Tx/zHxIP0lOcrgtsy7YZbSl/39+k98Otyx3ec4TMQVSbhdBtbvsf0BAAo4UqvjJzMcUcilL3AvCBVYHOpd7BdMqzYgINhwOCDTKFZgbWy9RSYjtuFXnqBePhVHoyGEJhBvHySKTDTVUw==", "Timestamp": "2025-12-10T21:04:42.128Z", "SigningCertURL": "https://sns.eu-west-2.amazonaws.com/SimpleNotificationService-6209c161c6221fdf56ec1eb5c821d112.pem", "UnsubscribeURL": "https://sns.eu-west-2.amazonaws.com/?Action=Unsubscribe&SubscriptionArn=arn:aws:sns:eu-west-2:734201894955:s3-backup-notifications:d6b886a7-1f09-4c01-9a85-91a8c5962eb3", "SignatureVersion": "1"}', '2025-12-10 21:04:43.580955+00', NULL, NULL, NULL, 'backup added', 'FindAddressUK.fmp12', 'dbs/OTTO_OFFSITE_1_2025-12-10_2104/Databases/FindAddressUK.fmp12', 593920, false),
	('4d5de6ec-93fd-4756-901a-a20d088d4979', '01711b1e-350d-4190-b8ea-548b96a59fe6', 'backup_added', 'aws_s3', 'success', 'backup added: NLSDT.fmp12', '{"Type": "Notification", "Message": "{\"Records\":[{\"eventVersion\":\"2.1\",\"eventSource\":\"aws:s3\",\"awsRegion\":\"eu-west-2\",\"eventTime\":\"2025-12-10T21:04:41.005Z\",\"eventName\":\"ObjectCreated:Put\",\"userIdentity\":{\"principalId\":\"AWS:AIDA2V4OX3AVS2OK56KUH\"},\"requestParameters\":{\"sourceIPAddress\":\"136.244.64.159\"},\"responseElements\":{\"x-amz-request-id\":\"EC3N4VRB1E254J5R\",\"x-amz-id-2\":\"MZg3bkb/mCamYei/ipEvcMULlVEk3RIztZ/arU1IFWA96L80EpHQ6cddBN5vVTZWYXAEPdw8EaaJrV1AhKPDLiIgp8z2auD4\"},\"s3\":{\"s3SchemaVersion\":\"1.0\",\"configurationId\":\"backup_added\",\"bucket\":{\"name\":\"backup-ncdv\",\"ownerIdentity\":{\"principalId\":\"A50UXABTCMMNK\"},\"arn\":\"arn:aws:s3:::backup-ncdv\"},\"object\":{\"key\":\"dbs/OTTO_OFFSITE_1_2025-12-10_2104/Databases/NLSDT.fmp12\",\"size\":1581056,\"eTag\":\"042b51dac35b867072acc451b37deb3f\",\"sequencer\":\"006939E068F4DB5923\"}}}]}", "Subject": "Amazon S3 Notification", "TopicArn": "arn:aws:sns:eu-west-2:734201894955:s3-backup-notifications", "MessageId": "73d9187c-8180-53aa-946b-79cf632a8d0c", "Signature": "LGDFKD/1xamydUL4ZCRcitMLWCfrBNOhJmpl1UwH7umSL1j75MsE3qSgRlWeT0Zg8Ppv83rdvucAhUePAy6+vfRBn2USD4BZCNI5cBByE8DIl5LFEw4Vk1llYzyj1CggJdEyzZUuQBVjHgyZOsikTBxxRSjeKsj7p3Bvg/L0e1ksGvPQBqxzh3iHq4zQZx3YDFHTDZMMM/3eMtxaIe8GA3axUTNojz02UU5T3p3uIkFpSm3aSRMfPfZP6CO8HfYHXIQnmYJyHTEd2kTOxzjYgPtIzPnFUQc/PJAzU70jlB0TuJ6pYDldsjFOFkwwxFw9W0TIm+KZQ8Xg3A7wIOVcsg==", "Timestamp": "2025-12-10T21:04:42.103Z", "SigningCertURL": "https://sns.eu-west-2.amazonaws.com/SimpleNotificationService-6209c161c6221fdf56ec1eb5c821d112.pem", "UnsubscribeURL": "https://sns.eu-west-2.amazonaws.com/?Action=Unsubscribe&SubscriptionArn=arn:aws:sns:eu-west-2:734201894955:s3-backup-notifications:d6b886a7-1f09-4c01-9a85-91a8c5962eb3", "SignatureVersion": "1"}', '2025-12-10 21:04:43.602777+00', NULL, NULL, NULL, 'backup added', 'NLSDT.fmp12', 'dbs/OTTO_OFFSITE_1_2025-12-10_2104/Databases/NLSDT.fmp12', 1581056, false),
	('669be55e-5d4f-4ace-bd56-d19c80bd79b6', '01711b1e-350d-4190-b8ea-548b96a59fe6', 'backup_added', 'aws_s3', 'success', 'backup added: Legal+Aid+Calculator.fmp12', '{"Type": "Notification", "Message": "{\"Records\":[{\"eventVersion\":\"2.1\",\"eventSource\":\"aws:s3\",\"awsRegion\":\"eu-west-2\",\"eventTime\":\"2025-12-10T21:04:40.994Z\",\"eventName\":\"ObjectCreated:Put\",\"userIdentity\":{\"principalId\":\"AWS:AIDA2V4OX3AVS2OK56KUH\"},\"requestParameters\":{\"sourceIPAddress\":\"136.244.64.159\"},\"responseElements\":{\"x-amz-request-id\":\"EC3YN6XTZ8FD25NB\",\"x-amz-id-2\":\"OUx6onQtIV55BnT9eRo+IaJblTZ6lcPEOWO1SlU7WUxbbR2z0gYuJpnpHPLGMm0YuJtkuWHzs4RdWgfr2rQmVbQZBIF2AIrZ\"},\"s3\":{\"s3SchemaVersion\":\"1.0\",\"configurationId\":\"backup_added\",\"bucket\":{\"name\":\"backup-ncdv\",\"ownerIdentity\":{\"principalId\":\"A50UXABTCMMNK\"},\"arn\":\"arn:aws:s3:::backup-ncdv\"},\"object\":{\"key\":\"dbs/OTTO_OFFSITE_1_2025-12-10_2104/Databases/Legal+Aid+Calculator.fmp12\",\"size\":11030528,\"eTag\":\"65c491854c12b21d9ca212565600f84e\",\"sequencer\":\"006939E068DE0C8214\"}}}]}", "Subject": "Amazon S3 Notification", "TopicArn": "arn:aws:sns:eu-west-2:734201894955:s3-backup-notifications", "MessageId": "283bde14-2407-5e13-9495-bfa7c6ad95ad", "Signature": "NmFmxKrq6orD0ms5bD7dQ+4/dk5q0poQ35/PFRCuAfHIJfZXBk8hbAZHm/qdVHGDx54eV81WCC39Q9s3oN1gYXoqPY6kZ2eliT08IOzEAzUpCvlEzU8rAKulk9jxbndID9NGR9WIVQ2aMyMWH7KAmbiAfhuvDVmKvqy9oWD332tKVm9kTB47bU+JvY2imr2QILTwoPq/B7rFu83HxiGAb+FISRg+x6fKH/shcxmc7NJSCYcUMWLm2PtD9/Tho5JMNp2FPcBVtbcLhgJqJtKnbCmxVMHhwT43PRgaei6uG0VlJfGtK6fSZ/wjet9N7LwhWtgd4rixkjoW76MO+740hQ==", "Timestamp": "2025-12-10T21:04:42.090Z", "SigningCertURL": "https://sns.eu-west-2.amazonaws.com/SimpleNotificationService-6209c161c6221fdf56ec1eb5c821d112.pem", "UnsubscribeURL": "https://sns.eu-west-2.amazonaws.com/?Action=Unsubscribe&SubscriptionArn=arn:aws:sns:eu-west-2:734201894955:s3-backup-notifications:d6b886a7-1f09-4c01-9a85-91a8c5962eb3", "SignatureVersion": "1"}', '2025-12-10 21:04:43.821735+00', NULL, NULL, NULL, 'backup added', 'Legal+Aid+Calculator.fmp12', 'dbs/OTTO_OFFSITE_1_2025-12-10_2104/Databases/Legal+Aid+Calculator.fmp12', 11030528, false),
	('3d6375be-a9ef-4439-8835-d3b3a7544e6a', '01711b1e-350d-4190-b8ea-548b96a59fe6', 'backup_added', 'aws_s3', 'success', 'backup added: BetterForms_Helper.fmp12', '{"Type": "Notification", "Message": "{\"Records\":[{\"eventVersion\":\"2.1\",\"eventSource\":\"aws:s3\",\"awsRegion\":\"eu-west-2\",\"eventTime\":\"2025-12-10T21:04:47.158Z\",\"eventName\":\"ObjectCreated:CompleteMultipartUpload\",\"userIdentity\":{\"principalId\":\"AWS:AIDA2V4OX3AVS2OK56KUH\"},\"requestParameters\":{\"sourceIPAddress\":\"136.244.64.159\"},\"responseElements\":{\"x-amz-request-id\":\"40NS4AWSQ096MV23\",\"x-amz-id-2\":\"hcLo6gENW5Cf4C8WOpCV3WxCtp/acbjDPEpRZVqgxrE1fH7zJVlk6ZASq9hWJLlRjUt7qIEBBs8tFWjcae0o+6pix8gNrFRk/aFat5kJR7Q=\"},\"s3\":{\"s3SchemaVersion\":\"1.0\",\"configurationId\":\"backup_added\",\"bucket\":{\"name\":\"backup-ncdv\",\"ownerIdentity\":{\"principalId\":\"A50UXABTCMMNK\"},\"arn\":\"arn:aws:s3:::backup-ncdv\"},\"object\":{\"key\":\"dbs/OTTO_OFFSITE_1_2025-12-10_2104/Databases/BetterForms_Helper.fmp12\",\"size\":436973568,\"eTag\":\"f6c58f4b4581d59db40afb53980198ea-84\",\"sequencer\":\"006939E069BAF01B36\"}}}]}", "Subject": "Amazon S3 Notification", "TopicArn": "arn:aws:sns:eu-west-2:734201894955:s3-backup-notifications", "MessageId": "150882e9-d903-5fab-967b-e35a3bb3c694", "Signature": "fxTi5dBMA7epbA+yDr4CX+FZjDhkIead4N0fOcJdroUGEaRFXT8hMoSiHWLDz2OEWZ9ELytR5JuJLL7tzZuC1R7bpaU++PBu4t/VlBf3xgeRvnpB/7ULLv/EvOhQe1qSaG/8eJYJynD/8FqZUf2j117U7grhnD0LHMPuCqUSnul0D+xciWbOm8aShD1DoA9kDO25UssZI0svgVTA2QlgxXDG/vvrsly9Nv3BPqgdzF56+iBtSNv1l+fGSpqxzi8Y6iYdIGhlgunPgQaoEcGsLIubicKhv8RhPQROEKw11CJ3R0ZCnmCK6ToLMPmk/duzvOj1HWNIsFwisJjOh67wCw==", "Timestamp": "2025-12-10T21:04:48.033Z", "SigningCertURL": "https://sns.eu-west-2.amazonaws.com/SimpleNotificationService-6209c161c6221fdf56ec1eb5c821d112.pem", "UnsubscribeURL": "https://sns.eu-west-2.amazonaws.com/?Action=Unsubscribe&SubscriptionArn=arn:aws:sns:eu-west-2:734201894955:s3-backup-notifications:d6b886a7-1f09-4c01-9a85-91a8c5962eb3", "SignatureVersion": "1"}', '2025-12-10 21:04:48.646202+00', NULL, NULL, NULL, 'backup added', 'BetterForms_Helper.fmp12', 'dbs/OTTO_OFFSITE_1_2025-12-10_2104/Databases/BetterForms_Helper.fmp12', 436973568, false),
	('2b7fa17c-62e5-46ff-bfe1-d8436b1ec1a4', '01711b1e-350d-4190-b8ea-548b96a59fe6', 'backup_added', 'aws_s3', 'success', 'backup added: NCDV.fmp12', '{"Type": "Notification", "Message": "{\"Records\":[{\"eventVersion\":\"2.1\",\"eventSource\":\"aws:s3\",\"awsRegion\":\"eu-west-2\",\"eventTime\":\"2025-12-10T21:07:12.032Z\",\"eventName\":\"ObjectCreated:CompleteMultipartUpload\",\"userIdentity\":{\"principalId\":\"AWS:AIDA2V4OX3AVS2OK56KUH\"},\"requestParameters\":{\"sourceIPAddress\":\"136.244.64.159\"},\"responseElements\":{\"x-amz-request-id\":\"HQ47ZHW4EQJK0VW4\",\"x-amz-id-2\":\"iGyVjA4EylR3/DTgVI/afr9yhuB5c1wGO6zt5y38meqWC9x9vTULBFldB1WKT6x8o+FPs6eXCYMgjhfoWxcWhaTsMy1kRSer\"},\"s3\":{\"s3SchemaVersion\":\"1.0\",\"configurationId\":\"backup_added\",\"bucket\":{\"name\":\"backup-ncdv\",\"ownerIdentity\":{\"principalId\":\"A50UXABTCMMNK\"},\"arn\":\"arn:aws:s3:::backup-ncdv\"},\"object\":{\"key\":\"dbs/OTTO_OFFSITE_1_2025-12-10_2104/Databases/NCDV.fmp12\",\"size\":24480677888,\"eTag\":\"4b08df317d3084c3a1ca45ab30048130-4670\",\"sequencer\":\"006939E095C1E4907A\"}}}]}", "Subject": "Amazon S3 Notification", "TopicArn": "arn:aws:sns:eu-west-2:734201894955:s3-backup-notifications", "MessageId": "d84f3f55-844e-5c98-afe5-5ee6670e9e1e", "Signature": "uK1iQliPcVRuWcE1z96Flw5twzwqg1PMoe072uF2fapk8Qc6h8h3l1cQP90uj9Db3czBfyht0NB2t9XlSA7edc9aQz2GCo8wzHM6vdHV+a4T/zIjkg+T4u6YhY/kyZZ4eBFOG1VpYWafq/RwPksn+30HCPT4Luz5RL/V9D8xTXbmnAFGCnC59T+y9Ki7zdfrr+ldC6k8e9LAZyLEY4WuwfHgnuhqKMsgjK2ZG3HMSk//HRn3SUcUlO4v6trMkDGh+J8EGeRoFn3xikwKKZ93EeR4W0nq/izsqX8lxKcS+2jXvc+UgNj05Qqv/HPUrLfdBkzBGP1Sg8nTGmajYymbAQ==", "Timestamp": "2025-12-10T21:07:12.558Z", "SigningCertURL": "https://sns.eu-west-2.amazonaws.com/SimpleNotificationService-6209c161c6221fdf56ec1eb5c821d112.pem", "UnsubscribeURL": "https://sns.eu-west-2.amazonaws.com/?Action=Unsubscribe&SubscriptionArn=arn:aws:sns:eu-west-2:734201894955:s3-backup-notifications:d6b886a7-1f09-4c01-9a85-91a8c5962eb3", "SignatureVersion": "1"}', '2025-12-10 21:07:13.507618+00', NULL, NULL, NULL, 'backup added', 'NCDV.fmp12', 'dbs/OTTO_OFFSITE_1_2025-12-10_2104/Databases/NCDV.fmp12', 24480677888, false);


--
-- Data for Name: status_page_config; Type: TABLE DATA; Schema: public; Owner: postgres
--

INSERT INTO "public"."status_page_config" ("id", "company_name", "logo_url", "primary_color", "favicon_url", "custom_domain", "support_email", "support_url", "twitter_handle", "show_uptime_percentage", "updated_at", "logo_dark_url") VALUES
	('ce4285b0-3963-493c-924c-0320d8bed3a6', 'Neptune Digital', 'https://media.noloco.app/13346-637de3d36bdea367a9d35f30_Neptune_Full_Logo_White.png', '#3b82f6', '', '', 'support@neptunedigital.co.uk', '', '', true, '2025-12-08 15:01:43.309821+00', '');


--
-- Data for Name: webhook_secrets; Type: TABLE DATA; Schema: public; Owner: postgres
--

INSERT INTO "public"."webhook_secrets" ("id", "source", "secret_key", "is_active", "created_at") VALUES
	('7ecd352e-3981-44bb-8a42-c840a16f1187', 'uptimerobot', 'development_secret_uptimerobot', true, '2025-12-05 16:46:36.052823+00'),
	('ffdab4a2-ebb7-42e8-ae1d-7a83930e8447', 'filemaker', 'development_secret_filemaker', true, '2025-12-05 16:46:36.052823+00'),
	('111ddde4-68ab-49f5-a3f8-786666813132', 'backup_system', 'development_secret_backup', true, '2025-12-05 16:46:36.052823+00'),
	('9ff2f00c-4eb3-4645-8594-60decf8a3a1c', 'aws_s3', 'development_secret_aws_s3', true, '2025-12-05 16:46:36.052823+00');


--
-- Data for Name: buckets; Type: TABLE DATA; Schema: storage; Owner: supabase_storage_admin
--



--
-- Data for Name: buckets_analytics; Type: TABLE DATA; Schema: storage; Owner: supabase_storage_admin
--



--
-- Data for Name: buckets_vectors; Type: TABLE DATA; Schema: storage; Owner: supabase_storage_admin
--



--
-- Data for Name: objects; Type: TABLE DATA; Schema: storage; Owner: supabase_storage_admin
--



--
-- Data for Name: prefixes; Type: TABLE DATA; Schema: storage; Owner: supabase_storage_admin
--



--
-- Data for Name: s3_multipart_uploads; Type: TABLE DATA; Schema: storage; Owner: supabase_storage_admin
--



--
-- Data for Name: s3_multipart_uploads_parts; Type: TABLE DATA; Schema: storage; Owner: supabase_storage_admin
--



--
-- Data for Name: vector_indexes; Type: TABLE DATA; Schema: storage; Owner: supabase_storage_admin
--



--
-- Name: refresh_tokens_id_seq; Type: SEQUENCE SET; Schema: auth; Owner: supabase_auth_admin
--

SELECT pg_catalog.setval('"auth"."refresh_tokens_id_seq"', 1, false);


--
-- PostgreSQL database dump complete
--

-- \unrestrict BBy215TONHKtoPLLZY910csuxpNEmgjPdQxuLk87XAYg5ufdZGQcreBozjcE4oh

RESET ALL;
